codec_a,codec_b,seq,bd_rate,bd_rate_valid,bd_rate_e,bd_rate_e_valid,bd_rate_e_bins,bd_volume,bd_volume_valid,overlap_d,overlap_e_dec,pareto_hv,pareto_hv_valid,epsilon,epsilon_valid
dcvc_dc,dcvc_fm,Beauty,-18.034729378652813,True,,False,0,,False,0,0,-0.15468315512893446,True,0.004839586669071028,True
dcvc_dc,dcvc_rt,Beauty,-19.55524262481827,True,,False,0,,False,0,0,0.9696276413583671,True,0.020965297403078564,True
dcvc_dc,dcvc_rt_cuda,Beauty,-19.314349502402706,True,,False,0,,False,0,0,0.9731462954916535,True,0.021390538753178312,True
dcvc_dc,svtav1,Beauty,106.7369022603355,True,,False,0,,False,0,0,0.9801229749106186,True,0.09676193692742863,True
dcvc_dc,vvenc,Beauty,6.170605209425695,True,,False,0,,False,0,0,0.9758411600687751,True,0.03756253661412051,True
dcvc_dc,x264,Beauty,332.22469914234097,True,,False,0,,False,0,0,0.9821144581566824,True,0.20211189495339726,True
dcvc_dc,x265,Beauty,140.4091509185384,True,,False,0,,False,0,0,0.9838747663949248,True,0.1590230014190857,True
dcvc_fm,dcvc_dc,Beauty,22.002891275705515,True,,False,0,,False,0,0,0.15468315512893446,True,0.41785746990976197,True
dcvc_fm,dcvc_rt,Beauty,-1.8079337758124647,True,,False,0,,False,0,0,0.9743257336217624,True,0.04802519661061111,True
dcvc_fm,dcvc_rt_cuda,Beauty,-0.8856118012453118,True,,False,0,,False,0,0,0.9773001112319046,True,0.05137139960809143,True
dcvc_fm,svtav1,Beauty,150.4083669478419,True,,False,0,,False,0,0,0.9831976158660212,True,0.4665904012836098,True
dcvc_fm,vvenc,Beauty,26.85615921786173,True,,False,0,,False,0,0,0.9795781256535918,True,0.1694582850243036,True
dcvc_fm,x264,Beauty,531.3727831048566,True,,False,0,,False,0,0,0.9848810502001973,True,0.4408330103744047,True
dcvc_fm,x265,Beauty,229.6609373895116,True,,False,0,,False,0,0,0.9863690684061489,True,0.34138165091669,True
dcvc_rt,dcvc_dc,Beauty,24.30890870068223,True,,False,0,,False,0,0,-0.9696276413583671,True,0.36983227329915086,True
dcvc_rt,dcvc_fm,Beauty,1.8412218474807007,True,,False,0,,False,0,0,-0.9743257336217624,True,0.31996635380000793,True
dcvc_rt,dcvc_rt_cuda,Beauty,0.9859187872514052,True,,False,0,,False,0,0,0.11585053945936244,True,0.00334620299748032,True
dcvc_rt,svtav1,Beauty,147.73589636525662,True,,False,0,,False,0,0,0.34555543334935335,True,0.4185652046729987,True
dcvc_rt,vvenc,Beauty,26.7935680702198,True,,False,0,,False,0,0,0.20457807652418075,True,0.12143308841369249,True
dcvc_rt,x264,Beauty,541.014380426121,True,,False,0,,False,0,0,0.4111243695509014,True,0.3928078137637936,True
dcvc_rt,x265,Beauty,231.29017266771936,True,,False,0,,False,0,0,0.4690819440354,True,0.2933564543060789,True
dcvc_rt_cuda,dcvc_dc,Beauty,23.937775035943787,True,,False,0,,False,0,0,-0.9731462954916535,True,0.3664860703016705,True
dcvc_rt_cuda,dcvc_fm,Beauty,0.8935249637715525,True,,False,0,,False,0,0,-0.9773001112319046,True,0.36026853316644336,True
dcvc_rt_cuda,dcvc_rt,Beauty,-0.9762933279128361,True,,False,0,,False,0,0,-0.11585053945936244,True,0.046067425106357085,True
dcvc_rt_cuda,svtav1,Beauty,147.21146844720332,True,,False,0,,False,0,0,0.25980323931830657,True,0.41521900167551834,True
dcvc_rt_cuda,vvenc,Beauty,25.97654031836354,True,,False,0,,False,0,0,0.1003535499649159,True,0.11808688541621218,True
dcvc_rt_cuda,x264,Beauty,535.0112929681098,True,,False,0,,False,0,0,0.33396370553795923,True,0.38946161076631325,True
dcvc_rt_cuda,x265,Beauty,228.77361300709788,True,,False,0,,False,0,0,0.3995154895644504,True,0.29001025130859853,True
svtav1,dcvc_dc,Beauty,-51.62934197685036,True,,False,0,,False,0,0,-0.9801229749106186,True,0.7198937366188656,True
svtav1,dcvc_fm,Beauty,-60.06523215702724,True,,False,0,,False,0,0,-0.9831976158660212,True,0.7213508187352133,True
svtav1,dcvc_rt,Beauty,-59.63443268933377,True,,False,0,,False,0,0,-0.34555543334935335,True,0.4124220687841725,True
svtav1,dcvc_rt_cuda,Beauty,-59.548802234732534,True,,False,0,,False,0,0,-0.25980323931830657,True,0.3663546436778154,True
svtav1,vvenc,Beauty,-47.991131415805185,True,,False,0,,False,0,0,-0.17723594568418796,True,0.3274651355877344,True
svtav1,x264,Beauty,116.18454003708206,True,,False,0,,False,0,0,0.10019020638695265,True,0.15337896357954944,True
svtav1,x265,Beauty,17.947810901364747,True,,False,0,,False,0,0,0.18875015086187905,True,0.1002800410914565,True
vvenc,dcvc_dc,Beauty,-5.8119713994790985,True,,False,0,,False,0,0,-0.9758411600687751,True,0.47673477523662944,True
vvenc,dcvc_fm,Beauty,-21.170559934531198,True,,False,0,,False,0,0,-0.9795781256535918,True,0.47079310924922513,True
vvenc,dcvc_rt,Beauty,-21.131646090581814,True,,False,0,,False,0,0,-0.20457807652418075,True,0.16926310740193629,True
vvenc,dcvc_rt_cuda,Beauty,-20.62014106175366,True,,False,0,,False,0,0,-0.1003535499649159,True,0.1231956822955792,True
vvenc,svtav1,Beauty,92.2748998819586,True,,False,0,,False,0,0,0.17723594568418796,True,0.2971321162593062,True
vvenc,x264,Beauty,377.52735740842064,True,,False,0,,False,0,0,0.2596688460938551,True,0.2713747253501011,True
vvenc,x265,Beauty,156.91545398773604,True,,False,0,,False,0,0,0.3325327850600287,True,0.17192336589238638,True
x264,dcvc_dc,Beauty,-76.86388579865311,True,,False,0,,False,0,0,-0.9821144581566824,True,0.9852902215749015,True
x264,dcvc_fm,Beauty,-84.1614965554522,True,,False,0,,False,0,0,-0.9848810502001973,True,0.9793485555874972,True
x264,dcvc_rt,Beauty,-84.3997259572361,True,,False,0,,False,0,0,-0.4111243695509014,True,0.6593822017874893,True
x264,dcvc_rt_cuda,Beauty,-84.2522485651256,True,,False,0,,False,0,0,-0.33396370553795923,True,0.6190800224210539,True
x264,svtav1,Beauty,-53.74322327450103,True,,False,0,,False,0,0,-0.10019020638695265,True,0.2653964849560359,True
x264,vvenc,Beauty,-79.0587914077409,True,,False,0,,False,0,0,-0.2596688460938551,True,0.5085554463382721,True
x264,x265,Beauty,-45.68686278605748,True,,False,0,,False,0,0,0.09842073858668242,True,0.13209763319560516,True
x265,dcvc_dc,Beauty,-58.404245588020665,True,,False,0,,False,0,0,-0.9838747663949248,True,0.8814889014487206,True
x265,dcvc_fm,Beauty,-69.6658024478512,True,,False,0,,False,0,0,-0.9863690684061489,True,0.8755472354613163,True
x265,dcvc_rt,Beauty,-69.8149814723605,True,,False,0,,False,0,0,-0.4690819440354,True,0.5555808816613084,True
x265,dcvc_rt_cuda,Beauty,-69.5839337331974,True,,False,0,,False,0,0,-0.3995154895644504,True,0.5152787022948729,True
x265,svtav1,Beauty,-15.216739305466053,True,,False,0,,False,0,0,-0.18875015086187905,True,0.16159516482985492,True
x265,vvenc,Beauty,-61.076689452564594,True,,False,0,,False,0,0,-0.3325327850600287,True,0.4047541262120911,True
x265,x264,Beauty,84.11751765708975,True,,False,0,,False,0,0,-0.09842073858668242,True,0.09945135945771472,True
dcvc_dc,dcvc_fm,Bosphorus,-18.901327918006338,True,,False,0,,False,0,0,0.5700310065940261,True,-0.004745765089509302,True
dcvc_dc,dcvc_rt,Bosphorus,-16.587902491672534,True,,False,0,,False,0,0,0.9851983961329498,True,0.10455414162948817,True
dcvc_dc,dcvc_rt_cuda,Bosphorus,-16.573793189105846,True,,False,0,,False,0,0,0.9870354865049755,True,0.10468587564238585,True
dcvc_dc,svtav1,Bosphorus,65.67370621302415,True,,False,0,,False,0,0,0.9899487147587313,True,0.08923830916887898,True
dcvc_dc,vvenc,Bosphorus,-25.950528525497585,True,,False,0,,False,0,0,0.9894261777562272,True,0.004886373581493131,True
dcvc_dc,x264,Bosphorus,238.93771548445844,True,,False,0,,False,0,0,0.9907918061334617,True,0.1924624343207194,True
dcvc_dc,x265,Bosphorus,111.99846458789028,True,,False,0,,False,0,0,0.9921287921877433,True,0.18065990540509247,True
dcvc_fm,dcvc_dc,Bosphorus,23.306581270401594,True,,False,0,,False,0,0,-0.5700310065940261,True,0.5408667259704754,True
dcvc_fm,dcvc_rt,Bosphorus,8.751111444052807,True,,False,0,,False,0,0,0.9655751831084373,True,0.1410304817745096,True
dcvc_fm,dcvc_rt_cuda,Bosphorus,9.806208083968237,True,,False,0,,False,0,0,0.9698477943901795,True,0.14208618874192064,True
dcvc_fm,svtav1,Bosphorus,97.40397684466858,True,,False,0,,False,0,0,0.9766232323832281,True,0.5532565788290961,True
dcvc_fm,vvenc,Bosphorus,-6.600602518524823,True,,False,0,,False,0,0,0.9754079424192593,True,0.3123974297971803,True
dcvc_fm,x264,Bosphorus,444.5878086773978,True,,False,0,,False,0,0,0.9785840513903198,True,0.505535840192379,True
dcvc_fm,x265,Bosphorus,191.21621633450795,True,,False,0,,False,0,0,0.981693545504513,True,0.3903530615087641,True
dcvc_rt,dcvc_dc,Bosphorus,19.88668668836253,True,,False,0,,False,0,0,-0.9851983961329498,True,0.448735384996888,True
dcvc_rt,dcvc_fm,Bosphorus,-8.04691678811469,True,,False,0,,False,0,0,-0.9655751831084373,True,0.31307987383344893,True
dcvc_rt,dcvc_rt_cuda,Bosphorus,0.9551500980094163,True,,False,0,,False,0,0,0.12411427765036344,True,0.0036146395356187466,True
dcvc_rt,svtav1,Bosphorus,87.23626330694587,True,,False,0,,False,0,0,0.3209326954328325,True,0.4611252378555087,True
dcvc_rt,vvenc,Bosphorus,-12.721152884440079,True,,False,0,,False,0,0,0.2856299669449238,True,0.22026608882359294,True
dcvc_rt,x264,Bosphorus,400.48647395502195,True,,False,0,,False,0,0,0.37789215619824956,True,0.4134044992187916,True
dcvc_rt,x265,Bosphorus,163.7438308044221,True,,False,0,,False,0,0,0.4682192630638589,True,0.2982217205351767,True
dcvc_rt_cuda,dcvc_dc,Bosphorus,19.86641107472906,True,,False,0,,False,0,0,-0.9870354865049755,True,0.44512074546126923,True
dcvc_rt_cuda,dcvc_fm,Bosphorus,-8.930467826071798,True,,False,0,,False,0,0,-0.9698477943901795,True,0.35540732371880157,True
dcvc_rt_cuda,dcvc_rt,Bosphorus,-0.9461132959359908,True,,False,0,,False,0,0,-0.12411427765036344,True,0.048763544532284375,True
dcvc_rt_cuda,svtav1,Bosphorus,87.3396057779696,True,,False,0,,False,0,0,0.2247078731395315,True,0.45751059831988994,True
dcvc_rt_cuda,vvenc,Bosphorus,-12.88811607733036,True,,False,0,,False,0,0,0.18440269680533333,True,0.2166514492879742,True
dcvc_rt_cuda,x264,Bosphorus,394.8900921025651,True,,False,0,,False,0,0,0.2897385721359926,True,0.40978985968317283,True
dcvc_rt_cuda,x265,Bosphorus,161.46234163169316,True,,False,0,,False,0,0,0.39286516109704944,True,0.29460708099955796,True
svtav1,dcvc_dc,Bosphorus,-39.64039177621858,True,,False,0,,False,0,0,-0.9899487147587313,True,0.7163257966441545,True
svtav1,dcvc_fm,Bosphorus,-49.342459256184554,True,,False,0,,False,0,0,-0.9766232323832281,True,0.7112777063855593,True
svtav1,dcvc_rt,Bosphorus,-46.59154256028655,True,,False,0,,False,0,0,-0.3209326954328325,True,0.4000236504850477,True
svtav1,dcvc_rt_cuda,Bosphorus,-46.62100436011507,True,,False,0,,False,0,0,-0.2247078731395315,True,0.3558703826667578,True
svtav1,vvenc,Bosphorus,-53.58098549589978,True,,False,0,,False,0,0,-0.04941798627377036,True,0.30597497393921214,True
svtav1,x264,Bosphorus,100.82373617270228,True,,False,0,,False,0,0,0.08387896219171181,True,0.1800725814620987,True
svtav1,x265,Bosphorus,25.32030468645332,True,,False,0,,False,0,0,0.21689538966230423,True,0.11919834300883925,True
vvenc,dcvc_dc,Bosphorus,35.04485313501957,True,,False,0,,False,0,0,-0.9894261777562272,True,0.4633862614631261,True
vvenc,dcvc_fm,Bosphorus,7.067071840408801,True,,False,0,,False,0,0,-0.9754079424192593,True,0.458338171204531,True
vvenc,dcvc_rt,Bosphorus,14.575298946830584,True,,False,0,,False,0,0,-0.2856299669449238,True,0.15240765815953544,True
vvenc,dcvc_rt_cuda,Bosphorus,14.794899957359785,True,,False,0,,False,0,0,-0.18440269680533333,True,0.15253939217243312,True
vvenc,svtav1,Bosphorus,115.42895959406235,True,,False,0,,False,0,0,0.04941798627377036,True,0.24085914903191574,True
vvenc,x264,Bosphorus,375.41040401535366,True,,False,0,,False,0,0,0.12915181906323406,True,0.2979505806706495,True
vvenc,x265,Bosphorus,185.98672338655985,True,,False,0,,False,0,0,0.2555948425468988,True,0.2443606035040471,True
x264,dcvc_dc,Bosphorus,-70.49605416232134,True,,False,0,,False,0,0,-0.9907918061334617,True,0.9926691194582827,True
x264,dcvc_fm,Bosphorus,-81.63748831563767,True,,False,0,,False,0,0,-0.9785840513903198,True,0.9876210291996876,True
x264,dcvc_rt,Bosphorus,-80.01944004405065,True,,False,0,,False,0,0,-0.37789215619824956,True,0.6759843769435085,True
x264,dcvc_rt_cuda,Bosphorus,-79.79349322288004,True,,False,0,,False,0,0,-0.2897385721359926,True,0.6322137054808861,True
x264,svtav1,Bosphorus,-50.205089345612485,True,,False,0,,False,0,0,-0.08387896219171181,True,0.27634332281412827,True
x264,vvenc,Bosphorus,-78.96554237025691,True,,False,0,,False,0,0,-0.12915181906323406,True,0.5292828579951566,True
x264,x265,Bosphorus,-42.47908952722247,True,,False,0,,False,0,0,0.14519525475456668,True,0.13342370935421607,True
x265,dcvc_dc,Bosphorus,-52.82984704894312,True,,False,0,,False,0,0,-0.9921287921877433,True,0.8878127991789013,True
x265,dcvc_fm,Bosphorus,-65.6612529141804,True,,False,0,,False,0,0,-0.981693545504513,True,0.8827647089203062,True
x265,dcvc_rt,Bosphorus,-62.08442119954096,True,,False,0,,False,0,0,-0.4682192630638589,True,0.5711280566641271,True
x265,dcvc_rt_cuda,Bosphorus,-61.753574386301416,True,,False,0,,False,0,0,-0.39286516109704944,True,0.5273573852015047,True
x265,svtav1,Bosphorus,-20.20447105503276,True,,False,0,,False,0,0,-0.21689538966230423,True,0.22959761295109424,True
x265,vvenc,Bosphorus,-65.03334182236391,True,,False,0,,False,0,0,-0.2555948425468988,True,0.4244265377157752,True
x265,x264,Bosphorus,73.84982118342201,True,,False,0,,False,0,0,-0.14519525475456668,True,0.11518277868361487,True
dcvc_dc,dcvc_fm,HoneyBee,-36.949296598285606,True,,False,0,,False,0,0,0.6073954710601437,True,-0.000821070278255176,True
dcvc_dc,dcvc_rt,HoneyBee,-44.368682817321655,True,,False,0,,False,0,0,0.9842826862737064,True,0.05639436416705701,True
dcvc_dc,dcvc_rt_cuda,HoneyBee,-44.419465498416486,True,,False,0,,False,0,0,0.9862720947468137,True,0.05832222262260811,True
dcvc_dc,svtav1,HoneyBee,-6.393661807884565,True,,False,0,,False,0,0,0.9942718196399815,True,-0.04729559295160535,True
dcvc_dc,vvenc,HoneyBee,-3.9999301260869258,True,,False,0,,False,0,0,0.9907974198438948,True,-0.006679058409935934,True
dcvc_dc,x264,HoneyBee,238.15041312691383,True,,False,0,,False,0,0,0.9909222272406113,True,0.16005367808756604,True
dcvc_dc,x265,HoneyBee,106.27794504172105,True,,False,0,,False,0,0,0.9932260714522492,True,0.14267954307952868,True
dcvc_fm,dcvc_dc,HoneyBee,58.60251290595582,True,,False,0,,False,0,0,-0.6073954710601437,True,0.38298836829318,True
dcvc_fm,dcvc_rt,HoneyBee,424.01987857793904,True,,False,0,,False,0,0,0.9599665501344706,True,0.15402019181189844,True
dcvc_fm,dcvc_rt_cuda,HoneyBee,428.8432076636808,True,,False,0,,False,0,0,0.9650337572766785,True,0.15552378465629088,True
dcvc_fm,svtav1,HoneyBee,10.268439092937953,True,,False,0,,False,0,0,0.9854097955123283,True,0.19594894085832876,True
dcvc_fm,vvenc,HoneyBee,21.83730746782395,True,,False,0,,False,0,0,0.9765601783021843,True,0.2443348141049978,True
dcvc_fm,x264,HoneyBee,340.3720274074898,True,,False,0,,False,0,0,0.9768780742700516,True,0.45529095950202286,True
dcvc_fm,x265,HoneyBee,65.30838612333878,True,,False,0,,False,0,0,0.9827461782826542,True,0.18565883960803345,True
dcvc_rt,dcvc_dc,HoneyBee,79.75486661879097,True,,False,0,,False,0,0,-0.9842826862737064,True,0.31289636551389466,True
dcvc_rt,dcvc_fm,HoneyBee,-80.91675448050265,True,,False,0,,False,0,0,-0.9599665501344706,True,0.3026403571463605,True
dcvc_rt,dcvc_rt_cuda,HoneyBee,2.303687463050985,True,,False,0,,False,0,0,0.126574331196247,True,0.004089942704767369,True
dcvc_rt,svtav1,HoneyBee,24.86787369325134,True,,False,0,,False,0,0,0.6355496581813591,True,0.1254857073758866,True
dcvc_rt,vvenc,HoneyBee,6.009581953598886,True,,False,0,,False,0,0,0.4144940849077703,True,0.17387158062255564,True
dcvc_rt,x264,HoneyBee,-37.13192686095162,True,,False,0,,False,0,0,0.4224348436716315,True,0.3848277260195807,True
dcvc_rt,x265,HoneyBee,-72.5443069124444,True,,False,0,,False,0,0,0.5690148669350116,True,0.14756225000900858,True
dcvc_rt_cuda,dcvc_dc,HoneyBee,79.91910458714815,True,,False,0,,False,0,0,-0.9862720947468137,True,0.3541415921138569,True
dcvc_rt_cuda,dcvc_fm,HoneyBee,-81.09080374847221,True,,False,0,,False,0,0,-0.9650337572766785,True,0.3492766187132188,True
dcvc_rt_cuda,dcvc_rt,HoneyBee,-2.2518127353747697,True,,False,0,,False,0,0,-0.126574331196247,True,0.04750020746333394,True
dcvc_rt_cuda,svtav1,HoneyBee,24.74499191986135,True,,False,0,,False,0,0,0.5827345647881021,True,0.1217086143408133,True
dcvc_rt_cuda,vvenc,HoneyBee,6.180779416248305,True,,False,0,,False,0,0,0.3296442547948691,True,0.17009448758748236,True
dcvc_rt_cuda,x264,HoneyBee,-37.75572179667145,True,,False,0,,False,0,0,0.3387357654379406,True,0.3810506329845074,True
dcvc_rt_cuda,x265,HoneyBee,-72.91446087279716,True,,False,0,,False,0,0,0.5065577433105816,True,0.1434723073042412,True
svtav1,dcvc_dc,HoneyBee,6.830372741173107,True,,False,0,,False,0,0,-0.9942718196399815,True,0.82164241310326,True
svtav1,dcvc_fm,HoneyBee,-9.312219504878794,True,,False,0,,False,0,0,-0.9854097955123283,True,0.8142723787452575,True
svtav1,dcvc_rt,HoneyBee,-19.915349687415528,True,,False,0,,False,0,0,-0.6355496581813591,True,0.5125925506879044,True
svtav1,dcvc_rt_cuda,HoneyBee,-19.836461198985866,True,,False,0,,False,0,0,-0.5827345647881021,True,0.46750082098940315,True
svtav1,vvenc,HoneyBee,-5.9857730584193085,True,,False,0,,False,0,0,-0.3775462682367057,True,0.2787349579787158,True
svtav1,x264,HoneyBee,300.1175147717444,True,,False,0,,False,0,0,-0.3689883507940764,True,0.338717476530393,True
svtav1,x265,HoneyBee,155.97821390064252,True,,False,0,,False,0,0,-0.15437839067250309,True,0.190059467923251,True
vvenc,dcvc_dc,HoneyBee,4.166590848673812,True,,False,0,,False,0,0,-0.9907974198438948,True,0.5429074551245443,True
vvenc,dcvc_fm,HoneyBee,-17.923333929216202,True,,False,0,,False,0,0,-0.9765601783021843,True,0.5355374207665418,True
vvenc,dcvc_rt,HoneyBee,-5.668904492264981,True,,False,0,,False,0,0,-0.4144940849077703,True,0.23613395168183277,True
vvenc,dcvc_rt_cuda,HoneyBee,-5.8209964649237556,True,,False,0,,False,0,0,-0.3296442547948691,True,0.18876586301068737,True
vvenc,svtav1,HoneyBee,6.366880049057677,True,,False,0,,False,0,0,0.3775462682367057,True,0.04837663507621348,True
vvenc,x264,HoneyBee,211.75938680745537,True,,False,0,,False,0,0,0.013562217834486495,True,0.290331603283724,True
vvenc,x265,HoneyBee,93.24933068339148,True,,False,0,,False,0,0,0.2639098564920577,True,0.18736261756333106,True
x264,dcvc_dc,HoneyBee,-70.42736128124491,True,,False,0,,False,0,0,-0.9909222272406113,True,0.9933078132089938,True
x264,dcvc_fm,HoneyBee,-77.2919273304644,True,,False,0,,False,0,0,-0.9768780742700516,True,0.9859377788509912,True
x264,dcvc_rt,HoneyBee,59.06324944749799,True,,False,0,,False,0,0,-0.4224348436716315,True,0.6842579507936382,True
x264,dcvc_rt_cuda,HoneyBee,60.6573373271962,True,,False,0,,False,0,0,-0.3387357654379406,True,0.6391662210951369,True
x264,svtav1,HoneyBee,-75.00734251609877,True,,False,0,,False,0,0,0.3689883507940764,True,0.17166540010573372,True
x264,vvenc,HoneyBee,-67.9239810470372,True,,False,0,,False,0,0,-0.013562217834486495,True,0.4504003580844495,True
x264,x265,HoneyBee,-63.63711704331243,True,,False,0,,False,0,0,0.25378958833874593,True,0.10873961119626233,True
x265,dcvc_dc,HoneyBee,-51.521719891201,True,,False,0,,False,0,0,-0.9932260714522492,True,0.9092069499061567,True
x265,dcvc_fm,HoneyBee,-39.50700122050149,True,,False,0,,False,0,0,-0.9827461782826542,True,0.9018369155481541,True
x265,dcvc_rt,HoneyBee,264.22318562894117,True,,False,0,,False,0,0,-0.5690148669350116,True,0.6017016193591581,True
x265,dcvc_rt_cuda,HoneyBee,269.20069979174576,True,,False,0,,False,0,0,-0.5065577433105816,True,0.5550653577922998,True
x265,svtav1,HoneyBee,-60.93417542212604,True,,False,0,,False,0,0,0.15437839067250309,True,0.09528035277127038,True
x265,vvenc,HoneyBee,-48.25337834476942,True,,False,0,,False,0,0,-0.2639098564920577,True,0.3662994947816125,True
x265,x264,HoneyBee,175.00569775810027,True,,False,0,,False,0,0,-0.25378958833874593,True,0.2702475734328587,True
dcvc_dc,dcvc_fm,Jockey,23.719809211796196,True,,False,0,,False,0,0,0.5669884954032615,True,0.03431829963711752,True
dcvc_dc,dcvc_rt,Jockey,0.7260175696903071,True,,False,0,,False,0,0,0.9923426163585594,True,0.04704233989147544,True
dcvc_dc,dcvc_rt_cuda,Jockey,0.9188854303843641,True,,False,0,,False,0,0,0.9933127397062067,True,0.047189087281426456,True
dcvc_dc,svtav1,Jockey,22.23072742234784,True,,False,0,,False,0,0,0.995832936129589,True,0.016159371991409155,True
dcvc_dc,vvenc,Jockey,-42.118188088149154,True,,False,0,,False,0,0,0.9955497462740897,True,-0.04673035621713695,True
dcvc_dc,x264,Jockey,133.47154538511168,True,,False,0,,False,0,0,0.9957135555544759,True,0.20821709915017028,True
dcvc_dc,x265,Jockey,17.104691233557247,True,,False,0,,False,0,0,0.9968089754993621,True,0.09560422825749482,True
dcvc_fm,dcvc_dc,Jockey,-19.172199959660617,True,,False,0,,False,0,0,-0.5669884954032615,True,0.524207417019642,True
dcvc_fm,dcvc_rt,Jockey,-14.669125099138626,True,,False,0,,False,0,0,0.9823159810763646,True,0.022625087590689263,True
dcvc_fm,dcvc_rt_cuda,Jockey,-14.37582560769306,True,,False,0,,False,0,0,0.9845563911748232,True,0.02274061567458452,True
dcvc_fm,svtav1,Jockey,2.7974729637845197,True,,False,0,,False,0,0,0.9903765516015752,True,0.5099158574111502,True
dcvc_fm,vvenc,Jockey,-47.9544515377886,True,,False,0,,False,0,0,0.9897225508360226,True,0.07757821752142512,True
dcvc_fm,x264,Jockey,137.23870565572932,True,,False,0,,False,0,0,0.9901008532105491,True,0.5282667615538277,True
dcvc_fm,x265,Jockey,8.626913697029725,True,,False,0,,False,0,0,0.9926306242056786,True,0.33420262492495284,True
dcvc_rt,dcvc_dc,Jockey,-0.7207845472377405,True,,False,0,,False,0,0,-0.9923426163585594,True,0.5037796724649808,True
dcvc_rt,dcvc_fm,Jockey,17.190876240494912,True,,False,0,,False,0,0,-0.9823159810763646,True,0.3241113766628875,True
dcvc_rt,dcvc_rt_cuda,Jockey,0.319255500984017,True,,False,0,,False,0,0,0.12669122941641153,True,0.0020906919924796527,True
dcvc_rt,svtav1,Jockey,13.826350461784486,True,,False,0,,False,0,0,0.45581100993039797,True,0.48948811285648897,True
dcvc_rt,vvenc,Jockey,-39.57451918523178,True,,False,0,,False,0,0,0.4188284230887558,True,0.05715047296676386,True
dcvc_rt,x264,Jockey,177.82785447810866,True,,False,0,,False,0,0,0.44022075342724204,True,0.5078390169991664,True
dcvc_rt,x265,Jockey,26.75395917075063,True,,False,0,,False,0,0,0.5832748298820327,True,0.3137748803702916,True
dcvc_rt_cuda,dcvc_dc,Jockey,-0.9105188057375257,True,,False,0,,False,0,0,-0.9933127397062067,True,0.5016889804725011,True
dcvc_rt_cuda,dcvc_fm,Jockey,16.789447267341686,True,,False,0,,False,0,0,-0.9845563911748232,True,0.37099648088331083,True
dcvc_rt_cuda,dcvc_rt,Jockey,-0.31823950386162814,True,,False,0,,False,0,0,-0.12669122941641153,True,0.052184888779644334,True
dcvc_rt_cuda,svtav1,Jockey,13.691863615365495,True,,False,0,,False,0,0,0.37686530995681194,True,0.4873974208640093,True
dcvc_rt_cuda,vvenc,Jockey,-39.75615737277632,True,,False,0,,False,0,0,0.33451764543384077,True,0.05783073696343222,True
dcvc_rt_cuda,x264,Jockey,176.94665168122543,True,,False,0,,False,0,0,0.3590133691217992,True,0.5057483250066868,True
dcvc_rt_cuda,x265,Jockey,26.390896634143157,True,,False,0,,False,0,0,0.5228203538600777,True,0.3116841883778119,True
svtav1,dcvc_dc,Jockey,-18.187511349362495,True,,False,0,,False,0,0,-0.995832936129589,True,0.7348223807895686,True
svtav1,dcvc_fm,Jockey,-2.7213440983807735,True,,False,0,,False,0,0,-0.9903765516015752,True,0.7318901971024951,True
svtav1,dcvc_rt,Jockey,-12.146880230888613,True,,False,0,,False,0,0,-0.45581100993039797,True,0.4077788204396077,True
svtav1,dcvc_rt_cuda,Jockey,-12.042958202960651,True,,False,0,,False,0,0,-0.37686530995681194,True,0.36089371621918437,True
svtav1,vvenc,Jockey,-55.711283736576476,True,,False,0,,False,0,0,-0.06363454152075665,True,0.3371115504686731,True
svtav1,x264,Jockey,45.43706093426469,True,,False,0,,False,0,0,-0.02785072258145884,True,0.2215507664963341,True
svtav1,x265,Jockey,-16.437211250957017,True,,False,0,,False,0,0,0.23422712013216598,True,0.10989578786598664,True
vvenc,dcvc_dc,Jockey,72.765842493479,True,,False,0,,False,0,0,-0.9955497462740897,True,0.4942586641353961,True
vvenc,dcvc_fm,Jockey,92.1393912730246,True,,False,0,,False,0,0,-0.9897225508360226,True,0.4895704850549175,True
vvenc,dcvc_rt,Jockey,65.4930976992071,True,,False,0,,False,0,0,-0.4188284230887558,True,0.19483077834555274,True
vvenc,dcvc_rt_cuda,Jockey,65.9920676354912,True,,False,0,,False,0,0,-0.33451764543384077,True,0.1937347256165296,True
vvenc,svtav1,Jockey,125.79114600028825,True,,False,0,,False,0,0,0.06363454152075665,True,0.43233763988972507,True
vvenc,x264,Jockey,349.25345247468715,True,,False,0,,False,0,0,0.03680897550458369,True,0.45068854403240255,True
vvenc,x265,Jockey,109.64919411134844,True,,False,0,,False,0,0,0.2829567262515851,True,0.2566244074035277,True
x264,dcvc_dc,Jockey,-57.16822800181074,True,,False,0,,False,0,0,-0.9957135555544759,True,0.9963656880565842,True
x264,dcvc_fm,Jockey,-57.84836217024565,True,,False,0,,False,0,0,-0.9901008532105491,True,0.9916775089761056,True
x264,dcvc_rt,Jockey,-64.0064887705925,True,,False,0,,False,0,0,-0.44022075342724204,True,0.6693221277066232,True
x264,dcvc_rt_cuda,Jockey,-63.891962804770344,True,,False,0,,False,0,0,-0.3590133691217992,True,0.6224370234861999,True
x264,svtav1,Jockey,-31.24173483868843,True,,False,0,,False,0,0,0.02785072258145884,True,0.2615433072670155,True
x264,vvenc,Jockey,-77.74084997028834,True,,False,0,,False,0,0,-0.03680897550458369,True,0.5077152263647925,True
x264,x265,Jockey,-51.45017797157205,True,,False,0,,False,0,0,0.25555444816976985,True,0.14087239872620916,True
x265,dcvc_dc,Jockey,-14.606324523279014,True,,False,0,,False,0,0,-0.9968089754993621,True,0.881989490227923,True
x265,dcvc_fm,Jockey,-7.941782937045394,True,,False,0,,False,0,0,-0.9926306242056786,True,0.8773013111474444,True
x265,dcvc_rt,Jockey,-21.10700079569924,True,,False,0,,False,0,0,-0.5832748298820327,True,0.554945929877962,True
x265,dcvc_rt_cuda,Jockey,-20.880377730474887,True,,False,0,,False,0,0,-0.5228203538600777,True,0.5104363075812095,True
x265,svtav1,Jockey,19.670491491519627,True,,False,0,,False,0,0,-0.23422712013216598,True,0.17571323248619736,True
x265,vvenc,Jockey,-52.30127145306926,True,,False,0,,False,0,0,-0.2829567262515851,True,0.38773082609252685,True
x265,x264,Jockey,105.97397852755428,True,,False,0,,False,0,0,-0.25555444816976985,True,0.19406413662887484,True
dcvc_dc,dcvc_fm,ReadySteadyGo,-6.91717531007725,True,,False,0,,False,0,0,0.5635743274178324,True,0.007203412123337638,True
dcvc_dc,dcvc_rt,ReadySteadyGo,19.539791799909434,True,,False,0,,False,0,0,0.9833141396005051,True,0.09040860945553708,True
dcvc_dc,dcvc_rt_cuda,ReadySteadyGo,19.47144140283903,True,,False,0,,False,0,0,0.9854607016002077,True,0.09050678852889871,True
dcvc_dc,svtav1,ReadySteadyGo,228569714586.05008,True,,False,0,,False,0,0,0.9874102371353088,True,0.0824733914361887,True
dcvc_dc,vvenc,ReadySteadyGo,12.08354645699603,True,,False,0,,False,0,0,0.9878340961497377,True,0.02588646450276022,True
dcvc_dc,x264,ReadySteadyGo,230.99494520292203,True,,False,0,,False,0,0,0.9914222180587228,True,0.17839742045620632,True
dcvc_dc,x265,ReadySteadyGo,123.60027230451377,True,,False,0,,False,0,0,0.991694688753794,True,0.18038874740683897,True
dcvc_fm,dcvc_dc,ReadySteadyGo,7.4312047717929985,True,,False,0,,False,0,0,-0.5635743274178324,True,0.5250655357138719,True
dcvc_fm,dcvc_rt,ReadySteadyGo,63.77592072627105,True,,False,0,,False,0,0,0.9617670053625147,True,0.09002446008337722,True
dcvc_fm,dcvc_rt_cuda,ReadySteadyGo,64.12255929369819,True,,False,0,,False,0,0,0.9666855106992934,True,0.09055840602435067,True
dcvc_fm,svtav1,ReadySteadyGo,1402451603.1823738,True,,False,0,,False,0,0,0.9711525612363675,True,0.6075389271500606,True
dcvc_fm,vvenc,ReadySteadyGo,39.655773642235495,True,,False,0,,False,0,0,0.9721237667383745,True,0.16188703374591037,True
dcvc_fm,x264,ReadySteadyGo,307.50773469469294,True,,False,0,,False,0,0,0.9803453772769007,True,0.48085243816042594,True
dcvc_fm,x265,ReadySteadyGo,324.8683248856887,True,,False,0,,False,0,0,0.9809697005286909,True,0.42186205498710544,True
dcvc_rt,dcvc_dc,ReadySteadyGo,-16.345847274534265,True,,False,0,,False,0,0,-0.9833141396005051,True,0.44129971919713606,True
dcvc_rt,dcvc_fm,ReadySteadyGo,-38.940963020359845,True,,False,0,,False,0,0,-0.9617670053625147,True,0.3214977356481372,True
dcvc_rt,dcvc_rt_cuda,ReadySteadyGo,0.09513286821609679,True,,False,0,,False,0,0,0.12864556866169347,True,0.0019294004591135366,True
dcvc_rt,svtav1,ReadySteadyGo,1073277534.4931765,True,,False,0,,False,0,0,0.2454831478110491,True,0.5237731106333248,True
dcvc_rt,vvenc,ReadySteadyGo,-30.262711965100863,True,,False,0,,False,0,0,0.27088543479421,True,0.07812121722917448,True
dcvc_rt,x264,ReadySteadyGo,101.95053939811065,True,,False,0,,False,0,0,0.48592510449524623,True,0.39708662164369,True
dcvc_rt,x265,ReadySteadyGo,122.81460862620696,True,,False,0,,False,0,0,0.5022545408292253,True,0.3380962384703695,True
dcvc_rt_cuda,dcvc_dc,ReadySteadyGo,-16.2979881837906,True,,False,0,,False,0,0,-0.9854607016002077,True,0.4393703187380225,True
dcvc_rt_cuda,dcvc_fm,ReadySteadyGo,-39.0699240675077,True,,False,0,,False,0,0,-0.9666855106992934,True,0.36665042729545605,True
dcvc_rt_cuda,dcvc_rt,ReadySteadyGo,-0.09504245160585345,True,,False,0,,False,0,0,-0.12864556866169347,True,0.05003981566177551,True
dcvc_rt_cuda,svtav1,ReadySteadyGo,1073826208.4585087,True,,False,0,,False,0,0,0.13408731848635427,True,0.5218437101742112,True
dcvc_rt_cuda,vvenc,ReadySteadyGo,-30.35282912330287,True,,False,0,,False,0,0,0.1632399641487465,True,0.07801506177803219,True
dcvc_rt_cuda,x264,ReadySteadyGo,101.66647940648149,True,,False,0,,False,0,0,0.41002779464242795,True,0.3951572211845765,True
dcvc_rt_cuda,x265,ReadySteadyGo,122.582551353499,True,,False,0,,False,0,0,0.42876808647625586,True,0.336166838011256,True
svtav1,dcvc_dc,ReadySteadyGo,-99.99999995624968,True,,False,0,,False,0,0,-0.9874102371353088,True,0.6781663297733749,True
svtav1,dcvc_fm,ReadySteadyGo,-99.99999286962968,True,,False,0,,False,0,0,-0.9711525612363675,True,0.6715755752227064,True
svtav1,dcvc_rt,ReadySteadyGo,-99.99999068274631,True,,False,0,,False,0,0,-0.2454831478110491,True,0.3548524002499061,True
svtav1,dcvc_rt_cuda,ReadySteadyGo,-99.99999068750698,True,,False,0,,False,0,0,-0.13408731848635427,True,0.3096997086025873,True
svtav1,vvenc,ReadySteadyGo,-99.99999404032974,True,,False,0,,False,0,0,0.033666957748479186,True,0.3082870706852028,True
svtav1,x264,ReadySteadyGo,-99.99999896205982,True,,False,0,,False,0,0,0.3186700946263081,True,0.09592402902001762,True
svtav1,x265,ReadySteadyGo,-99.99999003256659,True,,False,0,,False,0,0,0.3403123366605387,True,0.09791535597065026,True
vvenc,dcvc_dc,ReadySteadyGo,-10.780838792991087,True,,False,0,,False,0,0,-0.9878340961497377,True,0.43807820623080984,True
vvenc,dcvc_fm,ReadySteadyGo,-28.39536999295429,True,,False,0,,False,0,0,-0.9721237667383745,True,0.43148745168014135,True
vvenc,dcvc_rt,ReadySteadyGo,43.39530947913586,True,,False,0,,False,0,0,-0.27088543479421,True,0.1989440033608503,True
vvenc,dcvc_rt_cuda,ReadySteadyGo,43.580850077944035,True,,False,0,,False,0,0,-0.1632399641487465,True,0.19947794930182375,True
vvenc,svtav1,ReadySteadyGo,1677945082.086857,True,,False,0,,False,0,0,-0.033666957748479186,True,0.44565189340415023,True
vvenc,x264,ReadySteadyGo,232.08765814546203,True,,False,0,,False,0,0,0.29493262096655826,True,0.3189654044145156,True
vvenc,x265,ReadySteadyGo,147.5300925464384,True,,False,0,,False,0,0,0.3173288767996455,True,0.2599750212411951,True
x264,dcvc_dc,ReadySteadyGo,-69.78805826213046,True,,False,0,,False,0,0,-0.9914222180587228,True,0.9929365350176674,True
x264,dcvc_fm,ReadySteadyGo,-75.4605884781744,True,,False,0,,False,0,0,-0.9803453772769007,True,0.986345780466999,True
x264,dcvc_rt,ReadySteadyGo,-50.482925028059846,True,,False,0,,False,0,0,-0.48592510449524623,True,0.6696226054941987,True
x264,dcvc_rt_cuda,ReadySteadyGo,-50.41317709601171,True,,False,0,,False,0,0,-0.41002779464242795,True,0.6244699138468799,True
x264,svtav1,ReadySteadyGo,9634466568.267546,True,,False,0,,False,0,0,-0.3186700946263081,True,0.3275384228549849,True
x264,vvenc,ReadySteadyGo,-69.88746870074958,True,,False,0,,False,0,0,-0.29493262096655826,True,0.5548583287868576,True
x264,x265,ReadySteadyGo,-23.144228102731002,True,,False,0,,False,0,0,0.0317647029193007,True,0.152829242696978,True
x265,dcvc_dc,ReadySteadyGo,-55.27733532282406,True,,False,0,,False,0,0,-0.991694688753794,True,0.8545123202833876,True
x265,dcvc_fm,ReadySteadyGo,-76.46329600426083,True,,False,0,,False,0,0,-0.9809697005286909,True,0.8479215657327192,True
x265,dcvc_rt,ReadySteadyGo,-55.11963931962842,True,,False,0,,False,0,0,-0.5022545408292253,True,0.5311983907599189,True
x265,dcvc_rt_cuda,ReadySteadyGo,-55.072848526575214,True,,False,0,,False,0,0,-0.42876808647625586,True,0.4860456991126001,True
x265,svtav1,ReadySteadyGo,1003267198.8842547,True,,False,0,,False,0,0,-0.3403123366605387,True,0.20537938710179768,True
x265,vvenc,ReadySteadyGo,-59.600871566256416,True,,False,0,,False,0,0,-0.3173288767996455,True,0.4164341140525778,True
x265,x264,ReadySteadyGo,30.11384510413513,True,,False,0,,False,0,0,-0.0317647029193007,True,0.14358173411477249,True
dcvc_dc,dcvc_fm,ShakeNDry,-18.05871666747818,True,,False,0,,False,0,0,0.5896281259969073,True,-0.004291670072753995,True
dcvc_dc,dcvc_rt,ShakeNDry,-17.499561170433118,True,,False,0,,False,0,0,0.9747448667947682,True,0.06380098390125821,True
dcvc_dc,dcvc_rt_cuda,ShakeNDry,-17.54938354251534,True,,False,0,,False,0,0,0.9775388070785231,True,0.0639891940375884,True
dcvc_dc,svtav1,ShakeNDry,56.19823527015954,True,,False,0,,False,0,0,0.9825437842481815,True,0.060587481947737,True
dcvc_dc,vvenc,ShakeNDry,-38.35256546427765,True,,False,0,,False,0,0,0.982506652205264,True,0.05309408975721419,True
dcvc_dc,x264,ShakeNDry,217.6105246925224,True,,False,0,,False,0,0,0.9857335202441925,True,0.1616136026359034,True
dcvc_dc,x265,ShakeNDry,164.04058541128327,True,,False,0,,False,0,0,0.9855271811779117,True,0.20014917321934955,True
dcvc_fm,dcvc_dc,ShakeNDry,22.03860610065749,True,,False,0,,False,0,0,-0.5896281259969073,True,0.5295814538035875,True
dcvc_fm,dcvc_rt,ShakeNDry,2.9807219760971337,True,,False,0,,False,0,0,0.9384579333888721,True,0.11253615189946972,True
dcvc_fm,dcvc_rt_cuda,ShakeNDry,3.4826041123983353,True,,False,0,,False,0,0,0.9452662466792071,True,0.11531818931966384,True
dcvc_fm,svtav1,ShakeNDry,70.57027727247926,True,,False,0,,False,0,0,0.9574624459967568,True,0.5521989010325093,True
dcvc_fm,vvenc,ShakeNDry,-20.261693590628383,True,,False,0,,False,0,0,0.957371962108192,True,0.23907552557205788,True
dcvc_fm,x264,ShakeNDry,384.73376275089663,True,,False,0,,False,0,0,0.9652352398895152,True,0.37398978093405383,True
dcvc_fm,x265,ShakeNDry,261.0122889528194,True,,False,0,,False,0,0,0.9647324299277407,True,0.32054905566301756,True
dcvc_rt,dcvc_dc,ShakeNDry,21.21147647054884,True,,False,0,,False,0,0,-0.9747448667947682,True,0.4170453019041177,True
dcvc_rt,dcvc_fm,ShakeNDry,-2.8944465710669554,True,,False,0,,False,0,0,-0.9384579333888721,True,0.30470741547188795,True
dcvc_rt,dcvc_rt_cuda,ShakeNDry,0.4564049706528017,True,,False,0,,False,0,0,0.1106286100750471,True,0.0027820374201941167,True
dcvc_rt,svtav1,ShakeNDry,60.53659849558013,True,,False,0,,False,0,0,0.30880523931655557,True,0.4396627491330396,True
dcvc_rt,vvenc,ShakeNDry,-22.308665909792136,True,,False,0,,False,0,0,0.30733496225978113,True,0.12653937367258816,True
dcvc_rt,x264,ShakeNDry,360.7145588370854,True,,False,0,,False,0,0,0.43510574108347316,True,0.26145362903458413,True
dcvc_rt,x265,ShakeNDry,253.67115687729873,True,,False,0,,False,0,0,0.42693555783383186,True,0.2180684258688652,True
dcvc_rt_cuda,dcvc_dc,ShakeNDry,21.284720838399807,True,,False,0,,False,0,0,-0.9775388070785231,True,0.4142632644839236,True
dcvc_rt_cuda,dcvc_fm,ShakeNDry,-3.365400534968843,True,,False,0,,False,0,0,-0.9452662466792071,True,0.34606904671097594,True
dcvc_rt_cuda,dcvc_rt,ShakeNDry,-0.4543313796528281,True,,False,0,,False,0,0,-0.1106286100750471,True,0.04273434445754942,True
dcvc_rt_cuda,svtav1,ShakeNDry,60.5650566883545,True,,False,0,,False,0,0,0.22282775394678597,True,0.4368807117128455,True
dcvc_rt_cuda,vvenc,ShakeNDry,-22.35756591079463,True,,False,0,,False,0,0,0.22117458961810382,True,0.1509032943676939,True
dcvc_rt_cuda,x264,ShakeNDry,358.47564675897354,True,,False,0,,False,0,0,0.36483873293451247,True,0.25867159161439,True
dcvc_rt_cuda,x265,ShakeNDry,251.97213691557496,True,,False,0,,False,0,0,0.3556522633199112,True,0.2176336349998323,True
svtav1,dcvc_dc,ShakeNDry,-35.97879013995223,True,,False,0,,False,0,0,-0.9825437842481815,True,0.6994724788604709,True
svtav1,dcvc_fm,ShakeNDry,-41.37313862704581,True,,False,0,,False,0,0,-0.9574624459967568,True,0.6917113416892866,True
svtav1,dcvc_rt,ShakeNDry,-37.70890816354678,True,,False,0,,False,0,0,-0.30880523931655557,True,0.3870039262173986,True
svtav1,dcvc_rt_cuda,ShakeNDry,-37.71994849782728,True,,False,0,,False,0,0,-0.22282775394678597,True,0.3456422949783106,True
svtav1,vvenc,ShakeNDry,-49.97934650605765,True,,False,0,,False,0,0,-0.0021226378937373655,True,0.3233466851957819,True
svtav1,x264,ShakeNDry,96.60780221832017,True,,False,0,,False,0,0,0.182727805462578,True,0.1401920539954754,True
svtav1,x265,ShakeNDry,63.29271920936226,True,,False,0,,False,0,0,0.1709074275974988,True,0.16740238153628173,True
vvenc,dcvc_dc,ShakeNDry,62.212751841366234,True,,False,0,,False,0,0,-0.982506652205264,True,0.4708917433147515,True
vvenc,dcvc_fm,ShakeNDry,25.410238194182444,True,,False,0,,False,0,0,-0.957371962108192,True,0.46313060614356705,True
vvenc,dcvc_rt,ShakeNDry,28.714484274255625,True,,False,0,,False,0,0,-0.30733496225978113,True,0.1584231906716791,True
vvenc,dcvc_rt_cuda,ShakeNDry,28.79554997607037,True,,False,0,,False,0,0,-0.22117458961810382,True,0.12377721463800107,True
vvenc,svtav1,ShakeNDry,99.91742013548523,True,,False,0,,False,0,0,0.0021226378937373655,True,0.31312337546045144,True
vvenc,x264,ShakeNDry,433.152213571364,True,,False,0,,False,0,0,0.18446257839220104,True,0.290498378702417,True
vvenc,x265,ShakeNDry,318.2778011599101,True,,False,0,,False,0,0,0.17266729090909655,True,0.2821602768467806,True
x264,dcvc_dc,ShakeNDry,-68.51489726393368,True,,False,0,,False,0,0,-0.9857335202441925,True,0.9869554226644729,True
x264,dcvc_fm,ShakeNDry,-79.37011867452902,True,,False,0,,False,0,0,-0.9652352398895152,True,0.9791942854932885,True
x264,dcvc_rt,ShakeNDry,-78.29458651091569,True,,False,0,,False,0,0,-0.43510574108347316,True,0.6744868700214005,True
x264,dcvc_rt_cuda,ShakeNDry,-78.18859066846548,True,,False,0,,False,0,0,-0.36483873293451247,True,0.6331252387823125,True
x264,svtav1,ShakeNDry,-49.137318625353174,True,,False,0,,False,0,0,-0.182727805462578,True,0.28958022057265626,True
x264,vvenc,ShakeNDry,-81.24363034523635,True,,False,0,,False,0,0,-0.18446257839220104,True,0.5160636793497214,True
x264,x265,ShakeNDry,-20.459132058895,True,,False,0,,False,0,0,-0.014257006103464075,True,0.1571704951088585,True
x265,dcvc_dc,ShakeNDry,-62.127034431379236,True,,False,0,,False,0,0,-0.9855271811779117,True,0.8723077950654693,True
x265,dcvc_fm,ShakeNDry,-72.30011191860868,True,,False,0,,False,0,0,-0.9647324299277407,True,0.8645466578942849,True
x265,dcvc_rt,ShakeNDry,-71.72514691813174,True,,False,0,,False,0,0,-0.42693555783383186,True,0.5598392424223969,True
x265,dcvc_rt_cuda,ShakeNDry,-71.58866014897472,True,,False,0,,False,0,0,-0.3556522633199112,True,0.5184776111833089,True
x265,svtav1,ShakeNDry,-38.76028246440851,True,,False,0,,False,0,0,-0.1709074275974988,True,0.2316498453694918,True
x265,vvenc,ShakeNDry,-76.09244389190776,True,,False,0,,False,0,0,-0.17266729090909655,True,0.4014160517507178,True
x265,x264,ShakeNDry,25.72153483922719,True,,False,0,,False,0,0,0.014257006103464075,True,0.11560260497561248,True
dcvc_dc,dcvc_fm,YachtRide,-8.3758087786988,True,,False,0,,False,0,0,0.08877977157045978,True,0.003548053274557428,True
dcvc_dc,dcvc_rt,YachtRide,-6.910234462843945,True,,False,0,,False,0,0,0.9708763302179602,True,0.04227237247627802,True
dcvc_dc,dcvc_rt_cuda,YachtRide,-6.7534082812698015,True,,False,0,,False,0,0,0.9742676337010545,True,0.042250596239950755,True
dcvc_dc,svtav1,YachtRide,91.87724663671597,True,,False,0,,False,0,0,0.9747230640251117,True,0.06944239117287354,True
dcvc_dc,vvenc,YachtRide,9.05711791237167,True,,False,0,,False,0,0,0.9723495619214092,True,0.017962193443311292,True
dcvc_dc,x264,YachtRide,153.48393677377197,True,,False,0,,False,0,0,0.9835171907208552,True,0.12456168387987943,True
dcvc_dc,x265,YachtRide,103.76505545062335,True,,False,0,,False,0,0,0.9833985346334834,True,0.15558604790662678,True
dcvc_fm,dcvc_dc,YachtRide,9.141481815068463,True,,False,0,,False,0,0,-0.08877977157045978,True,0.5973598792041943,True
dcvc_fm,dcvc_rt,YachtRide,-0.5392689237247228,True,,False,0,,False,0,0,0.9680388243441067,True,0.08509600984506543,True
dcvc_fm,dcvc_rt_cuda,YachtRide,-0.23085540097960155,True,,False,0,,False,0,0,0.9717605409799842,True,0.08560045734816041,True
dcvc_fm,svtav1,YachtRide,92.4149854826994,True,,False,0,,False,0,0,0.9722603436729534,True,0.6587022996597912,True
dcvc_fm,vvenc,YachtRide,13.895411805120283,True,,False,0,,False,0,0,0.9696555923410025,True,0.2590873313632765,True
dcvc_fm,x264,YachtRide,269.09645867380885,True,,False,0,,False,0,0,0.9819112781247706,True,0.4571879635275536,True
dcvc_fm,x265,YachtRide,145.68063496773095,True,,False,0,,False,0,0,0.9817810614288833,True,0.44423443849874383,True
dcvc_rt,dcvc_dc,YachtRide,7.423194615401374,True,,False,0,,False,0,0,-0.9708763302179602,True,0.5274334824514867,True
dcvc_rt,dcvc_fm,YachtRide,0.5421928010072241,True,,False,0,,False,0,0,-0.9680388243441067,True,0.31740653977739064,True
dcvc_rt,dcvc_rt_cuda,YachtRide,0.29568861523316947,True,,False,0,,False,0,0,0.11644492292608562,True,0.002499571603167175,True
dcvc_rt,svtav1,YachtRide,82.50843352057129,True,,False,0,,False,0,0,0.13208272981874336,True,0.5887759029070836,True
dcvc_rt,vvenc,YachtRide,13.265699073957649,True,,False,0,,False,0,0,0.05058537315093143,True,0.18916093461056888,True
dcvc_rt,x264,YachtRide,274.90362521832157,True,,False,0,,False,0,0,0.43404078529589823,True,0.38726156677484597,True
dcvc_rt,x265,YachtRide,144.6460939938663,True,,False,0,,False,0,0,0.42996657046446224,True,0.3743080417460362,True
dcvc_rt_cuda,dcvc_dc,YachtRide,7.242525605269123,True,,False,0,,False,0,0,-0.9742676337010545,True,0.5249339108483195,True
dcvc_rt_cuda,dcvc_fm,YachtRide,0.23138957631383406,True,,False,0,,False,0,0,-0.9717605409799842,True,0.36131825358232605,True
dcvc_rt_cuda,dcvc_rt,YachtRide,-0.2948168752971325,True,,False,0,,False,0,0,-0.11644492292608562,True,0.04711627375366123,True
dcvc_rt_cuda,svtav1,YachtRide,82.29529889236713,True,,False,0,,False,0,0,0.017698734689461294,True,0.5862763313039164,True
dcvc_rt_cuda,vvenc,YachtRide,12.996070407493555,True,,False,0,,False,0,0,-0.06936858556069421,True,0.19499661271220625,True
dcvc_rt_cuda,x264,YachtRide,273.73748440317553,True,,False,0,,False,0,0,0.3594522521692713,True,0.3847619951716788,True
dcvc_rt_cuda,x265,YachtRide,144.06013163081656,True,,False,0,,False,0,0,0.3548410910349495,True,0.37180847014286905,True
svtav1,dcvc_dc,YachtRide,-47.88334638273631,True,,False,0,,False,0,0,-0.9747230640251117,True,0.6714231604783268,True
svtav1,dcvc_fm,YachtRide,-48.02899589700029,True,,False,0,,False,0,0,-0.9722603436729534,True,0.6741283075317097,True
svtav1,dcvc_rt,YachtRide,-45.20801144856213,True,,False,0,,False,0,0,-0.13208272981874336,True,0.36031473066009756,True
svtav1,dcvc_rt_cuda,YachtRide,-45.14395016898206,True,,False,0,,False,0,0,-0.017698734689461294,True,0.3152472268692713,True
svtav1,vvenc,YachtRide,-38.57230794586097,True,,False,0,,False,0,0,-0.08583958405853358,True,0.4175548139028006,True
svtav1,x264,YachtRide,32.92493931699365,True,,False,0,,False,0,0,0.3479111038015106,True,0.15237813646565523,True
svtav1,x265,YachtRide,10.651445228134682,True,,False,0,,False,0,0,0.3432168605004352,True,0.09424362745102988,True
vvenc,dcvc_dc,YachtRide,-8.304930559093949,True,,False,0,,False,0,0,-0.9723495619214092,True,0.4185745624649605,True
vvenc,dcvc_fm,YachtRide,-12.200150633719907,True,,False,0,,False,0,0,-0.9696555923410025,True,0.41107386486669295,True
vvenc,dcvc_rt,YachtRide,-11.712018009349611,True,,False,0,,False,0,0,-0.05058537315093143,True,0.12064409734074594,True
vvenc,dcvc_rt_cuda,YachtRide,-11.501347224400194,True,,False,0,,False,0,0,0.06936858556069421,True,0.12114854484384091,True
vvenc,svtav1,YachtRide,62.793028121364934,True,,False,0,,False,0,0,0.08583958405853358,True,0.3996149682965147,True
vvenc,x264,YachtRide,196.86608941033535,True,,False,0,,False,0,0,0.40388614342037715,True,0.1981006321642771,True
vvenc,x265,YachtRide,115.664748098345,True,,False,0,,False,0,0,0.3995948520117357,True,0.18514710713546734,True
x264,dcvc_dc,YachtRide,-60.54976844972726,True,,False,0,,False,0,0,-0.9835171907208552,True,0.984916920815444,True
x264,dcvc_fm,YachtRide,-72.90681130907961,True,,False,0,,False,0,0,-0.9819112781247706,True,0.9774162232171765,True
x264,dcvc_rt,YachtRide,-73.32647825377363,True,,False,0,,False,0,0,-0.43404078529589823,True,0.6600096834397858,True
x264,dcvc_rt_cuda,YachtRide,-73.2432511660716,True,,False,0,,False,0,0,-0.3594522521692713,True,0.6160979696348504,True
x264,svtav1,YachtRide,-24.769572576953138,True,,False,0,,False,0,0,-0.3479111038015106,True,0.3701853490537142,True
x264,vvenc,YachtRide,-66.31477842463252,True,,False,0,,False,0,0,-0.40388614342037715,True,0.5663423583504835,True
x264,x265,YachtRide,-25.453324669324438,True,,False,0,,False,0,0,-0.00714732613972415,True,0.14596066162298588,True
x265,dcvc_dc,YachtRide,-50.92387172135502,True,,False,0,,False,0,0,-0.9833985346334834,True,0.8389562591924582,True
x265,dcvc_fm,YachtRide,-59.29675124246787,True,,False,0,,False,0,0,-0.9817810614288833,True,0.8314555615941905,True
x265,dcvc_rt,YachtRide,-59.12462841016903,True,,False,0,,False,0,0,-0.42996657046446224,True,0.5140490218167999,True
x265,dcvc_rt_cuda,YachtRide,-59.026490999657646,True,,False,0,,False,0,0,-0.3548410910349495,True,0.47013730801186454,True
x265,svtav1,YachtRide,-9.626123912050266,True,,False,0,,False,0,0,-0.3432168605004352,True,0.23520245161993886,True
x265,vvenc,YachtRide,-53.6317358855518,True,,False,0,,False,0,0,-0.3995948520117357,True,0.42549736314103526,True
x265,x264,YachtRide,34.14414466697286,True,,False,0,,False,0,0,0.00714732613972415,True,0.12766271990538525,True
