eval_dataset,codec,param,pipeline,n_images,n_repeats,avg_bpp,avg_psnr,rate_quality_source,total_time_s,energy_cpu_total_j,energy_gpu_total_j,energy_total_j,energy_cpu_per_image_j,energy_gpu_per_image_j,energy_per_image_j,idle_cpu_w,idle_gpu_w,params_M,is_neural,execution_mode,jpeg_ai_root,conda_env
kodak,JPEG,q=10,end_to_end_energy,24,20,0.326588949,26.671799183,paper_ready,0.446729808,6.508984209,0.0,6.508984209,0.013560383769,0.0,0.013560383769,25.89448831,80.969227823,0.0,False,,,
kodak,JPEG,q=30,end_to_end_energy,24,20,0.659792582,30.491419633,paper_ready,0.531084382,7.61807065,0.0,7.61807065,0.01587098052,0.0,0.01587098052,25.840282289,81.109526411,0.0,False,,,
kodak,JPEG,q=60,end_to_end_energy,24,20,1.03658549,32.907484929,paper_ready,0.606303357,9.011517073,0.0,9.011517073,0.018773993903,0.0,0.018773993903,25.393108496,80.909911938,0.0,False,,,
kodak,JPEG,q=85,end_to_end_energy,24,20,1.856519063,36.461338202,paper_ready,0.743629402,11.01725579,0.0,11.01725579,0.022952616229,0.0,0.022952616229,25.289562461,80.968065251,0.0,False,,,
kodak,JXL,d=1.0,end_to_end_energy,24,10,1.702432421,37.894871076,paper_ready,7.24973253,137.157338129,0.0,137.157338129,0.571488908871,0.0,0.571488908871,21.097633635,38.285036929,0.0,False,,,
kodak,JXL,d=3.0,end_to_end_energy,24,10,0.743846469,33.257066806,paper_ready,6.585921776,129.936663692,0.0,129.936663692,0.541402765382,0.0,0.541402765382,20.552544034,37.884154022,0.0,False,,,
kodak,JXL,d=7.0,end_to_end_energy,24,10,0.368645562,29.713035186,paper_ready,8.305041195,167.410136786,0.0,167.410136786,0.697542236606,0.0,0.697542236606,20.601070988,37.374517457,0.0,False,,,
kodak,JXL,d=12.0,end_to_end_energy,24,10,0.236624824,27.856993437,paper_ready,8.068736063,165.994219758,0.0,165.994219758,0.691642582327,0.0,0.691642582327,20.431662029,37.920917489,0.0,False,,,
kodak,HEVC,crf=15,end_to_end_energy,24,3,3.477572971,44.514917374,paper_ready,9.171899093,306.450803752,0.0,306.450803752,4.256261163223,0.0,4.256261163223,20.423777273,37.476015644,0.0,False,,,
kodak,HEVC,crf=25,end_to_end_energy,24,3,1.504675123,38.630832672,paper_ready,6.884234541,241.536894114,0.0,241.536894114,3.354679084922,0.0,3.354679084922,20.651731872,37.900249677,0.0,False,,,
kodak,HEVC,crf=35,end_to_end_energy,24,3,0.54370202,32.437143962,paper_ready,5.142287887,182.627239821,0.0,182.627239821,2.53648944196,0.0,2.53648944196,20.493424424,37.525920029,0.0,False,,,
kodak,HEVC,crf=45,end_to_end_energy,24,3,0.160903083,26.928284089,paper_ready,4.040649575,149.864657759,0.0,149.864657759,2.08145357998,0.0,2.08145357998,20.481311657,37.814736551,0.0,False,,,
kodak,Ballé,q=1,actual_bitstream_energy,24,5,0.131293403,27.581509988,paper_ready,3.132801832,62.408174461,204.174184805,266.582359266,0.520068120509,1.701451540038,2.221519660547,25.156322284,81.130830747,5.075843,True,,,
kodak,Ballé,q=3,actual_bitstream_energy,24,5,0.319858127,30.972109715,paper_ready,3.272912823,64.66344917,210.12887156,274.79232073,0.538862076421,1.751073929664,2.289936006084,25.13553256,81.361815252,5.075843,True,,,
kodak,Ballé,q=5,actual_bitstream_energy,24,5,0.668684218,34.526117802,paper_ready,3.44470749,67.369386317,211.000945325,278.370331643,0.561411552643,1.758341211046,2.319752763689,25.281741029,81.005442547,5.075843,True,,,
kodak,Ballé,q=7,actual_bitstream_energy,24,5,1.259172228,38.58352375,paper_ready,5.407720049,103.933302002,391.519804441,495.453106443,0.866110850015,3.262665037007,4.128775887021,25.695931694,82.047737593,11.816323,True,,,
kodak,Cheng,q=1,actual_bitstream_energy,24,1,0.115580241,28.431125959,paper_ready,80.958801941,1454.96728994,2825.523689567,4280.490979506,60.623637080828,117.73015373194,178.353790812768,24.952428453,81.965903044,13.183293,True,,,
kodak,Cheng,q=3,actual_bitstream_energy,24,1,0.269032796,31.321256002,paper_ready,81.799413995,1495.659622453,2849.598743703,4345.258366156,62.319150935522,118.733280987637,181.052431923159,25.089509745,81.785968011,13.183293,True,,,
kodak,Cheng,q=5,actual_bitstream_energy,24,1,0.595272488,34.949443181,paper_ready,82.405012209,1476.392084083,3063.219547311,4539.611631394,61.516336836787,127.634147804616,189.150484641403,25.389739966,82.044541606,29.631788,True,,,
kodak,ELIC,lam=0.008,actual_bitstream_energy,24,3,0.073635525,27.489848614,paper_ready,9.718535786,255.602723293,879.393942362,1134.996665656,3.55003782352,12.213804755034,15.763842578555,25.45902759,81.854414611,33.792771,True,,,
kodak,ELIC,lam=0.032,actual_bitstream_energy,24,3,0.195010715,30.527337233,paper_ready,9.861672717,261.493225137,876.342982005,1137.836207143,3.63185034913,12.17143030563,15.803280654759,25.131253183,82.077456961,33.792771,True,,,
kodak,ELIC,lam=0.150,actual_bitstream_energy,24,3,0.497124566,34.489448309,paper_ready,10.086948573,265.057359422,878.858383019,1143.915742441,3.681352214196,12.20636643082,15.887718645015,25.118601205,82.09822931,33.792771,True,,,
kodak,ELIC,lam=0.450,actual_bitstream_energy,24,3,0.864888509,37.528818766,paper_ready,10.281203428,266.181382248,880.80887721,1146.990259457,3.696963642327,12.233456627916,15.930420270242,25.179483177,82.174730683,33.792771,True,,,
kodak,TCM,lam=0.0035,actual_bitstream_energy,24,3,0.204484728,30.855848312,paper_ready,7.441227502,134.775715926,1248.518695023,1383.294410949,1.87188494341,17.340537430879,19.212422374289,25.176111068,90.068245434,45.180752,True,,,
kodak,TCM,lam=0.013,actual_bitstream_energy,24,3,0.455457899,34.135727723,paper_ready,7.526497496,136.525770744,1255.507375348,1392.033146092,1.896191260334,17.437602435391,19.333793695725,25.196285571,89.753384627,45.180752,True,,,
kodak,DCAE,lam=0.0035,actual_bitstream_energy,24,3,0.176174588,30.737064759,paper_ready,7.502252105,138.196195946,1929.880635118,2068.076831065,1.919391610367,26.803897709974,28.723289320341,25.093933051,90.172971451,119.400351,True,,,
kodak,DCAE,lam=0.013,actual_bitstream_energy,24,3,0.427775065,34.407658736,paper_ready,7.601517956,139.28895559,1937.41962495,2076.708580541,1.934568827643,26.908605902087,28.84317472973,25.046473022,89.865389913,119.400351,True,,,
kodak,JPEG_AI,target_bpp=0.15,fair_inprocess_end_to_end_energy,24,1,0.157276577,27.840154409,paper_ready,94.285776888,1471.69984748,0.0,1471.69984748,61.320826978319,0.0,61.320826978319,24.725982322,79.95825662,0.0,True,persistent_python_process_reference_software,/home/user/tesi/external_codecs/jpeg-ai-reference-software,jpeg_ai_vm
kodak,JPEG_AI,target_bpp=0.25,fair_inprocess_end_to_end_energy,24,1,0.261030409,29.526641687,paper_ready,93.358319912,1857.119288315,19.871414039,1876.990702354,77.37997034644,0.827975584956,78.207945931396,20.037814235,36.192902669,0.0,True,persistent_python_process_reference_software,/home/user/tesi/external_codecs/jpeg-ai-reference-software,jpeg_ai_vm
kodak,JPEG_AI,target_bpp=0.35,fair_inprocess_end_to_end_energy,24,1,0.355022854,30.694165548,paper_ready,90.212409457,1789.200928957,0.0,1789.200928957,74.550038706539,0.0,74.550038706539,20.140652766,36.83357649,0.0,True,persistent_python_process_reference_software,/home/user/tesi/external_codecs/jpeg-ai-reference-software,jpeg_ai_vm
kodak,JPEG_AI,target_bpp=0.5,fair_inprocess_end_to_end_energy,24,1,0.507762485,32.175420841,paper_ready,92.156760073,1838.701301313,0.0,1838.701301313,76.612554221372,0.0,76.612554221372,19.911901756,36.753821436,0.0,True,persistent_python_process_reference_software,/home/user/tesi/external_codecs/jpeg-ai-reference-software,jpeg_ai_vm
kodak,JPEG_AI,target_bpp=0.75,fair_inprocess_end_to_end_energy,24,1,0.763457404,34.053568602,paper_ready,93.408732776,1859.224297443,0.0,1859.224297443,77.467679060135,0.0,77.467679060135,20.031586565,36.610643238,0.0,True,persistent_python_process_reference_software,/home/user/tesi/external_codecs/jpeg-ai-reference-software,jpeg_ai_vm
kodak,JPEG_AI,target_bpp=1.0,fair_inprocess_end_to_end_energy,24,1,1.002299839,35.364795129,paper_ready,94.837062191,1490.429767939,0.0,1490.429767939,62.101240330792,0.0,62.101240330792,25.072217624,80.287040646,0.0,True,persistent_python_process_reference_software,/home/user/tesi/external_codecs/jpeg-ai-reference-software,jpeg_ai_vm
tecnick,JPEG,q=10,end_to_end_energy,24,20,0.254598148,29.307346265,paper_ready,1.435629767,25.885912648,0.0,25.885912648,0.053928984683,0.0,0.053928984683,25.060108239,81.499821916,0.0,False,,,
tecnick,JPEG,q=30,end_to_end_energy,24,20,0.463640972,34.035719872,paper_ready,1.675532071,29.073472651,0.0,29.073472651,0.06056973469,0.0,0.06056973469,25.27345139,81.645731036,0.0,False,,,
tecnick,JPEG,q=60,end_to_end_energy,24,20,0.706314352,36.579166412,paper_ready,1.844320185,31.204440773,0.0,31.204440773,0.06500925161,0.0,0.06500925161,25.381744237,81.308487135,0.0,False,,,
tecnick,JPEG,q=85,end_to_end_energy,24,20,1.220063889,39.538661957,paper_ready,2.161948845,32.155373657,0.0,32.155373657,0.066990361785,0.0,0.066990361785,22.218336227,48.426303444,0.0,False,,,
tecnick,JXL,d=1.0,end_to_end_energy,24,10,0.865503472,39.673771699,paper_ready,22.120677788,442.115578747,0.0,442.115578747,1.842148244781,0.0,1.842148244781,20.618294865,38.946905034,0.0,False,,,
tecnick,JXL,d=3.0,end_to_end_energy,24,10,0.429364815,36.315925837,paper_ready,20.676414369,415.527081378,0.0,415.527081378,1.731362839074,0.0,1.731362839074,20.791529854,38.372588467,0.0,False,,,
tecnick,JXL,d=7.0,end_to_end_energy,24,10,0.242737037,33.730640252,paper_ready,27.281679519,575.316888874,0.0,575.316888874,2.397153703642,0.0,2.397153703642,20.405381595,38.44990942,0.0,False,,,
tecnick,JXL,d=12.0,end_to_end_energy,24,10,0.167319676,31.920763413,paper_ready,26.934840884,564.837615005,0.0,564.837615005,2.35349006252,0.0,2.35349006252,20.543149127,38.035116323,0.0,False,,,
tecnick,HEVC,crf=15,end_to_end_energy,24,3,1.77721412,45.832467715,paper_ready,16.034737591,750.986986487,0.0,750.986986487,10.430374812324,0.0,10.430374812324,20.575650873,38.40743223,0.0,False,,,
tecnick,HEVC,crf=25,end_to_end_energy,24,3,0.668725694,40.717680295,paper_ready,11.28092578,560.443926843,0.0,560.443926843,7.783943428375,0.0,7.783943428375,20.59231172,38.104187187,0.0,False,,,
tecnick,HEVC,crf=35,end_to_end_energy,24,3,0.232886111,35.201428731,paper_ready,8.4981928,438.053377391,0.0,438.053377391,6.084074685989,0.0,6.084074685989,20.764492965,38.39927858,0.0,False,,,
tecnick,HEVC,crf=45,end_to_end_energy,24,3,0.080250694,29.886663437,paper_ready,7.035606651,368.370488652,0.0,368.370488652,5.116256786829,0.0,5.116256786829,20.557696091,38.069571787,0.0,False,,,
tecnick,Ballé,q=1,actual_bitstream_energy,24,5,0.094727778,31.318379005,paper_ready,10.22097818,234.082610233,772.793766822,1006.876377055,1.950688418609,6.439948056849,8.390636475458,25.162507564,81.174347363,5.075843,True,,,
tecnick,Ballé,q=3,actual_bitstream_energy,24,5,0.175806481,34.754519145,paper_ready,10.699209787,242.464246399,772.883833023,1015.348079422,2.020535386661,6.440698608522,8.461233995183,25.141732423,81.790915815,5.075843,True,,,
tecnick,Ballé,q=5,actual_bitstream_energy,24,5,0.32927963,38.072576046,paper_ready,10.699543748,240.450318693,765.319880254,1005.770198947,2.003752655772,6.377665668784,8.381418324556,25.158719909,81.974534653,5.075843,True,,,
tecnick,Ballé,q=7,actual_bitstream_energy,24,5,0.608449074,41.343539079,paper_ready,18.024256112,383.904056999,1329.99312415,1713.897181149,3.199200474994,11.08327603458,14.282476509574,25.150548859,82.022240844,11.816323,True,,,
tecnick,Cheng,q=1,actual_bitstream_energy,24,1,0.068703704,32.521018982,paper_ready,300.504209068,5362.370740806,10690.799152279,16053.169893085,223.432114200269,445.44996467828,668.882078878548,25.427636015,81.934668816,13.183293,True,,,
tecnick,Cheng,q=3,actual_bitstream_energy,24,1,0.129512963,35.508414586,paper_ready,301.062710543,5509.98853116,10551.053291847,16061.041823007,229.582855465001,439.627220493617,669.210075958618,25.022049832,82.266510733,13.183293,True,,,
tecnick,Cheng,q=5,actual_bitstream_energy,24,1,0.259525926,38.288658937,paper_ready,305.496441515,5683.064673787,11486.715911092,17169.780584879,236.794361407811,478.613162962158,715.407524369969,25.04182021,82.23578633,29.631788,True,,,
tecnick,ELIC,lam=0.008,actual_bitstream_energy,24,3,0.050794444,31.889591138,paper_ready,22.647389522,588.483336332,3049.730988354,3638.214324686,8.173379671275,42.357374838251,50.530754509527,25.225241925,84.750298032,33.792771,True,,,
tecnick,ELIC,lam=0.032,actual_bitstream_energy,24,3,0.098944444,35.005222877,paper_ready,22.88926162,603.406254242,3075.492375046,3678.898629287,8.380642420025,42.715171875635,51.09581429566,25.09055776,82.280182569,33.792771,True,,,
tecnick,ELIC,lam=0.150,actual_bitstream_energy,24,3,0.208825926,38.65329361,paper_ready,23.340589971,606.41963694,3131.279988247,3737.699625186,8.422494957499,43.489999836757,51.912494794257,25.231305926,82.204006588,33.792771,True,,,
tecnick,ELIC,lam=0.450,actual_bitstream_energy,24,3,0.352161111,41.335029125,paper_ready,23.846906058,620.218065775,3014.017393008,3634.235458783,8.614139802426,41.861352680673,50.4754924831,24.93386789,84.404643609,33.792771,True,,,
tecnick,TCM,lam=0.0035,actual_bitstream_energy,24,3,0.1,35.201850335,paper_ready,21.520275568,427.797512268,4870.90238137,5298.699893639,5.941632114839,67.651421963475,73.593054078314,25.103551347,90.312859261,45.180752,True,,,
tecnick,TCM,lam=0.013,actual_bitstream_energy,24,3,0.195924074,38.236840884,paper_ready,21.977140593,437.870058912,4922.873331481,5360.743390393,6.081528595996,68.373240715013,74.454769311009,25.023795692,89.735316575,45.180752,True,,,
tecnick,DCAE,lam=0.0035,actual_bitstream_energy,24,3,0.082448148,35.416867177,paper_ready,25.174772044,494.200798595,7760.556480788,8254.757279383,6.863899980492,107.785506677609,114.649406658101,25.1010534,91.321641967,119.400351,True,,,
tecnick,DCAE,lam=0.013,actual_bitstream_energy,24,3,0.179559259,38.748909314,paper_ready,25.462124919,488.115892025,7734.323182727,8222.439074751,6.779387389233,107.421155315648,114.200542704881,25.521978273,93.428094664,119.400351,True,,,
tecnick,JPEG_AI,target_bpp=0.15,fair_inprocess_end_to_end_energy,24,1,0.152389583,33.930796862,paper_ready,383.246764137,5886.275512406,0.0,5886.275512406,245.261479683563,0.0,245.261479683563,24.836642663,79.947966042,0.0,True,persistent_python_process_reference_software,/home/user/tesi/external_codecs/jpeg-ai-reference-software,jpeg_ai_vm
tecnick,JPEG_AI,target_bpp=0.25,fair_inprocess_end_to_end_energy,24,1,0.256696528,36.296404123,paper_ready,365.642066461,7357.069759319,0.0,7357.069759319,306.544573304951,0.0,306.544573304951,20.162524534,37.705471709,0.0,True,persistent_python_process_reference_software,/home/user/tesi/external_codecs/jpeg-ai-reference-software,jpeg_ai_vm
tecnick,JPEG_AI,target_bpp=0.35,fair_inprocess_end_to_end_energy,24,1,0.35265787,37.938688358,paper_ready,315.857028869,6533.767262266,0.0,6533.767262266,272.240302594399,0.0,272.240302594399,20.168070913,37.425561518,0.0,True,persistent_python_process_reference_software,/home/user/tesi/external_codecs/jpeg-ai-reference-software,jpeg_ai_vm
tecnick,JPEG_AI,target_bpp=0.5,fair_inprocess_end_to_end_energy,24,1,0.50433588,39.728114208,paper_ready,352.668242492,7035.385100841,0.0,7035.385100841,293.141045868369,0.0,293.141045868369,20.304582424,37.234789709,0.0,True,persistent_python_process_reference_software,/home/user/tesi/external_codecs/jpeg-ai-reference-software,jpeg_ai_vm
tecnick,JPEG_AI,target_bpp=0.75,fair_inprocess_end_to_end_energy,24,1,0.773274537,42.134584904,paper_ready,320.045356813,6482.657715342,0.0,6482.657715342,270.110738139263,0.0,270.110738139263,20.349236316,37.107351218,0.0,True,persistent_python_process_reference_software,/home/user/tesi/external_codecs/jpeg-ai-reference-software,jpeg_ai_vm
tecnick,JPEG_AI,target_bpp=1.0,fair_inprocess_end_to_end_energy,24,1,0.959246759,43.215316614,paper_ready,321.797635106,6676.727951866,210.080920718,6886.808872584,278.196997994411,8.753371696603,286.950369691014,20.124102435,35.365455919,0.0,True,persistent_python_process_reference_software,/home/user/tesi/external_codecs/jpeg-ai-reference-software,jpeg_ai_vm
div2k_valid,JPEG,q=10,end_to_end_energy,24,20,0.308196865,27.260127147,paper_ready,2.920405879,53.880328263,0.0,53.880328263,0.11225068388,0.0,0.11225068388,25.333862416,82.07396084,0.0,False,,,
div2k_valid,JPEG,q=30,end_to_end_energy,24,20,0.601781136,31.159674486,paper_ready,3.425368861,60.460221917,0.0,60.460221917,0.125958795661,0.0,0.125958795661,25.50806311,82.039820575,0.0,False,,,
div2k_valid,JPEG,q=60,end_to_end_energy,24,20,0.939552706,33.402490775,paper_ready,3.889253537,49.663117068,0.0,49.663117068,0.103464827224,0.0,0.103464827224,25.361735355,77.701924865,0.0,False,,,
div2k_valid,JPEG,q=85,end_to_end_energy,24,20,1.674074231,36.414261977,paper_ready,4.764273528,78.860583907,0.0,78.860583907,0.164292883139,0.0,0.164292883139,20.866241938,39.278208577,0.0,False,,,
div2k_valid,JXL,d=1.0,end_to_end_energy,24,10,1.430134706,37.338856697,paper_ready,50.024774766,959.524253959,0.0,959.524253959,3.998017724831,0.0,3.998017724831,21.195242797,39.19722886,0.0,False,,,
div2k_valid,JXL,d=3.0,end_to_end_energy,24,10,0.636384958,33.467981021,paper_ready,46.256434491,903.00697285,0.0,903.00697285,3.762529053543,0.0,3.762529053543,21.071573606,39.134742961,0.0,False,,,
div2k_valid,JXL,d=7.0,end_to_end_energy,24,10,0.325930921,30.443607966,paper_ready,58.21998725,1197.837110333,0.0,1197.837110333,4.99098795972,0.0,4.99098795972,20.642785827,39.102400033,0.0,False,,,
div2k_valid,JXL,d=12.0,end_to_end_energy,24,10,0.211750529,28.66910704,paper_ready,57.715099728,1190.056929809,0.0,1190.056929809,4.958570540869,0.0,4.958570540869,20.564645245,38.811762748,0.0,False,,,
div2k_valid,HEVC,crf=15,end_to_end_energy,24,3,3.170640667,44.212365945,paper_ready,35.633597494,1712.653490693,0.0,1712.653490693,23.786854037409,0.0,23.786854037409,20.568857872,37.293828142,0.0,False,,,
div2k_valid,HEVC,crf=25,end_to_end_energy,24,3,1.258495186,38.304837863,paper_ready,23.543547501,1262.271260222,0.0,1262.271260222,17.531545280859,0.0,17.531545280859,20.48188132,37.597987543,0.0,False,,,
div2k_valid,HEVC,crf=35,end_to_end_energy,24,3,0.419349865,32.525583665,paper_ready,16.06887722,951.385373958,0.0,951.385373958,13.213685749416,0.0,13.213685749416,20.411629049,37.809636482,0.0,False,,,
div2k_valid,HEVC,crf=45,end_to_end_energy,24,3,0.112516043,27.308317741,paper_ready,12.068444956,752.625994554,0.0,752.625994554,10.453138813248,0.0,10.453138813248,20.484035296,37.607102302,0.0,False,,,
div2k_valid,Ballé,q=1,actual_bitstream_energy,24,5,0.12705948,28.518456856,paper_ready,19.438045268,431.281605316,1494.591111754,1925.87271707,3.594013377633,12.454925931287,16.04893930892,25.107300809,81.644674985,5.075843,True,,,
div2k_valid,Ballé,q=3,actual_bitstream_energy,24,5,0.275475143,31.750362078,paper_ready,20.454960466,437.614692453,1513.295536275,1950.910228727,3.646789103772,12.610796135621,16.257585239394,25.174471855,82.299032869,5.075843,True,,,
div2k_valid,Ballé,q=5,actual_bitstream_energy,24,5,0.549626162,34.989274661,paper_ready,21.789896965,464.827901057,1522.794811231,1987.622712288,3.873565842143,12.689956760261,16.563522602404,25.090016204,82.233531973,5.075843,True,,,
div2k_valid,Ballé,q=7,actual_bitstream_energy,24,5,1.07053678,38.566862106,paper_ready,36.840738218,777.675541942,2709.481801019,3487.157342961,6.480629516183,22.57901500849,29.059644524674,24.750026877,82.152213701,11.816323,True,,,
div2k_valid,Cheng,q=1,actual_bitstream_energy,24,1,0.111397757,29.265476863,paper_ready,596.664292297,10918.205874015,20985.769170998,31903.975045013,454.925244750626,874.407048791591,1329.332293542217,25.136917475,82.472870363,13.183293,True,,,
div2k_valid,Cheng,q=3,actual_bitstream_energy,24,1,0.232367074,32.141282558,paper_ready,597.66771293,11164.874211765,14477.384746566,25642.258958331,465.203092156873,603.224364440258,1068.427456597131,25.039850451,90.503482258,13.183293,True,,,
div2k_valid,Cheng,q=5,actual_bitstream_energy,24,1,0.485797631,35.264254173,paper_ready,600.764671013,11599.604705689,17365.994287229,28965.598992917,483.316862737021,723.58309530119,1206.899958038212,23.532601415,88.173212022,29.631788,True,,,
div2k_valid,ELIC,lam=0.008,actual_bitstream_energy,24,3,0.07415163,28.289979537,paper_ready,40.077874875,1023.242481053,6146.315162551,7169.557643604,14.211701125738,85.365488368757,99.577189494496,23.647776707,85.392198267,33.792771,True,,,
div2k_valid,ELIC,lam=0.032,actual_bitstream_energy,24,3,0.177420083,31.434337536,paper_ready,40.782178318,1030.076906756,6183.282946108,7213.359852863,14.306623704943,85.878929807049,100.185553511992,23.69746414,86.420201158,33.792771,True,,,
div2k_valid,ELIC,lam=0.150,actual_bitstream_energy,24,3,0.407070752,35.075442791,paper_ready,42.108767195,1059.226090333,6090.707240353,7149.933330687,14.71147347685,84.593156116018,99.304629592868,23.521353976,90.587471772,33.792771,True,,,
div2k_valid,ELIC,lam=0.450,actual_bitstream_energy,24,3,0.69755641,37.721568743,paper_ready,43.131771124,1085.904761583,6199.636212281,7285.540973863,15.082010577535,86.106058503901,101.188069081436,23.380351053,88.41129609,33.792771,True,,,
div2k_valid,TCM,lam=0.0035,actual_bitstream_energy,24,3,0.18294961,31.74648579,paper_ready,37.83544377,801.646418393,8988.127362727,9789.77378112,11.133978033242,124.835102260096,135.969080293339,23.635617519,89.462797314,45.180752,True,,,
div2k_valid,TCM,lam=0.013,actual_bitstream_energy,24,3,0.36963782,34.744858742,paper_ready,38.486452418,816.434922598,9025.960555476,9842.395478074,11.339373924973,125.360563270495,136.699937195468,23.506450337,90.663057396,45.180752,True,,,
div2k_valid,DCAE,lam=0.0035,actual_bitstream_energy,24,3,0.160812493,31.675667048,paper_ready,46.707551569,973.249778574,14151.133436255,15124.383214829,13.517358035745,196.543519947985,210.06087798373,23.600188201,90.948196192,119.400351,True,,,
div2k_valid,DCAE,lam=0.013,actual_bitstream_energy,24,3,0.356369425,35.032461325,paper_ready,47.419834273,993.95938327,14163.950043751,15157.90942702,13.804991434302,196.721528385425,210.526519819727,23.53678512,90.608392503,119.400351,True,,,
div2k_valid,JPEG_AI,target_bpp=0.15,fair_inprocess_end_to_end_energy,24,1,0.152152206,29.248378913,paper_ready,768.034632652,11956.643348122,0.0,11956.643348122,498.193472838436,0.0,498.193472838436,24.772782412,82.904448246,0.0,True,persistent_python_process_reference_software,/home/user/tesi/external_codecs/jpeg-ai-reference-software,jpeg_ai_vm
div2k_valid,JPEG_AI,target_bpp=0.25,fair_inprocess_end_to_end_energy,24,1,0.26066364,31.231663863,paper_ready,654.722894988,13759.024407748,191.702060021,13950.726467769,573.292683656166,7.987585834192,581.280269490358,20.103503568,35.331810018,0.0,True,persistent_python_process_reference_software,/home/user/tesi/external_codecs/jpeg-ai-reference-software,jpeg_ai_vm
div2k_valid,JPEG_AI,target_bpp=0.35,fair_inprocess_end_to_end_energy,24,1,0.353249224,32.391216119,paper_ready,637.711470954,13451.625199419,0.0,13451.625199419,560.484383309141,0.0,560.484383309141,20.067816667,36.354252967,0.0,True,persistent_python_process_reference_software,/home/user/tesi/external_codecs/jpeg-ai-reference-software,jpeg_ai_vm
div2k_valid,JPEG_AI,target_bpp=0.5,fair_inprocess_end_to_end_energy,24,1,0.490319648,33.792365313,paper_ready,646.565900713,13608.198542994,0.0,13608.198542994,567.008272624759,0.0,567.008272624759,20.166499728,36.076464168,0.0,True,persistent_python_process_reference_software,/home/user/tesi/external_codecs/jpeg-ai-reference-software,jpeg_ai_vm
div2k_valid,JPEG_AI,target_bpp=0.75,fair_inprocess_end_to_end_energy,24,1,0.78824447,36.075283368,paper_ready,649.119058969,13468.772012829,0.0,13468.772012829,561.198833867887,0.0,561.198833867887,20.402913349,36.722680363,0.0,True,persistent_python_process_reference_software,/home/user/tesi/external_codecs/jpeg-ai-reference-software,jpeg_ai_vm
div2k_valid,JPEG_AI,target_bpp=1.0,fair_inprocess_end_to_end_energy,24,1,1.00576669,37.127864838,paper_ready,593.089240109,12294.804620674,0.0,12294.804620674,512.283525861412,0.0,512.283525861412,20.376782723,36.004719849,0.0,True,persistent_python_process_reference_software,/home/user/tesi/external_codecs/jpeg-ai-reference-software,jpeg_ai_vm
clic2020,JPEG,q=10,end_to_end_energy,24,20,0.292742026,27.274756908,paper_ready,2.603013081,46.139354809,0.0,46.139354809,0.096123655853,0.0,0.096123655853,25.101264249,80.06753194,0.0,False,,,
clic2020,JPEG,q=30,end_to_end_energy,24,20,0.577348846,30.941698472,paper_ready,3.114445919,53.151865857,0.0,53.151865857,0.110733053869,0.0,0.110733053869,25.313057986,80.001960498,0.0,False,,,
clic2020,JPEG,q=60,end_to_end_energy,24,20,0.912945185,33.082464774,paper_ready,3.562883641,45.137877457,0.0,45.137877457,0.094037244702,0.0,0.094037244702,25.657073246,80.066933063,0.0,False,,,
clic2020,JPEG,q=85,end_to_end_energy,24,20,1.652150207,36.102802038,paper_ready,4.428997015,72.72313391,0.0,72.72313391,0.151506528979,0.0,0.151506528979,20.469608533,36.801033201,0.0,False,,,
clic2020,JXL,d=1.0,end_to_end_energy,24,10,1.489370959,37.809195042,paper_ready,47.033226402,911.134042589,0.0,911.134042589,3.79639184412,0.0,3.79639184412,20.374755863,36.896958393,0.0,False,,,
clic2020,JXL,d=3.0,end_to_end_energy,24,10,0.617557376,33.624346097,paper_ready,42.746742463,835.22171395,0.0,835.22171395,3.48009047479,0.0,3.48009047479,20.399813712,35.806545284,0.0,False,,,
clic2020,JXL,d=7.0,end_to_end_energy,24,10,0.298826933,30.435032606,paper_ready,53.943164788,1091.64640655,0.0,1091.64640655,4.548526693959,0.0,4.548526693959,20.500131496,36.534980214,0.0,False,,,
clic2020,JXL,d=12.0,end_to_end_energy,24,10,0.190154148,28.671151161,paper_ready,53.061308422,1077.31577765,0.0,1077.31577765,4.488815740207,0.0,4.488815740207,20.246634663,36.624182542,0.0,False,,,
clic2020,HEVC,crf=15,end_to_end_energy,24,3,3.407053279,44.693529129,paper_ready,34.210634938,1569.538935528,0.0,1569.538935528,21.79915188233,0.0,21.79915188233,20.429796428,36.420785205,0.0,False,,,
clic2020,HEVC,crf=25,end_to_end_energy,24,3,1.429982959,38.490219434,paper_ready,23.079942351,1174.941639018,0.0,1174.941639018,16.318633875243,0.0,16.318633875243,20.293984442,36.776177012,0.0,False,,,
clic2020,HEVC,crf=35,end_to_end_energy,24,3,0.460172409,32.732820272,paper_ready,15.289339434,865.264307408,0.0,865.264307408,12.017559825106,0.0,12.017559825106,20.29767708,36.285288008,0.0,False,,,
clic2020,HEVC,crf=45,end_to_end_energy,24,3,0.109037459,27.648505847,paper_ready,11.031214915,672.074348592,0.0,672.074348592,9.334365952668,0.0,9.334365952668,20.299195341,36.268315168,0.0,False,,,
clic2020,Ballé,q=1,actual_bitstream_energy,24,5,0.12464222,28.295326074,paper_ready,18.727877662,400.284290129,1397.321423901,1797.60571403,3.335702417745,11.644345199176,14.98004761692,24.79499462,80.184236741,5.075843,True,,,
clic2020,Ballé,q=3,actual_bitstream_energy,24,5,0.291547376,31.62389032,paper_ready,19.431421634,387.993959857,1385.468759043,1773.462718901,3.233282998809,11.545572992029,14.778855990838,25.681574593,80.694108259,5.075843,True,,,
clic2020,Ballé,q=5,actual_bitstream_energy,24,5,0.598306901,34.821740071,paper_ready,20.200429327,413.645073106,1357.632774516,1771.277847621,3.44704227588,11.313606454296,14.760648730176,24.921714224,80.449736943,5.075843,True,,,
clic2020,Ballé,q=7,actual_bitstream_energy,24,5,1.190823362,38.394018332,paper_ready,34.218878911,691.155593596,2551.251311796,3242.406905392,5.759629946635,21.260427598302,27.020057544936,24.947777326,80.641586634,11.816323,True,,,
clic2020,ELIC,lam=0.008,actual_bitstream_energy,24,3,0.069892433,28.291661978,paper_ready,37.431397402,886.349726101,5657.71512495,6544.064851051,12.310412862514,78.579376735411,90.889789597925,25.047923053,86.497248293,33.792771,True,,,
clic2020,ELIC,lam=0.032,actual_bitstream_energy,24,3,0.187910275,31.393902143,paper_ready,38.572616686,903.544480748,5747.914936476,6651.459417224,12.549228899274,79.832151895503,92.381380794777,24.884817721,86.280821719,33.792771,True,,,
clic2020,ELIC,lam=0.150,actual_bitstream_energy,24,3,0.459251597,35.082546393,paper_ready,39.393458297,913.475648519,5743.4983827,6656.974031219,12.687161784991,79.770810870834,92.457972655824,24.948920658,86.723729395,33.792771,True,,,
clic2020,ELIC,lam=0.450,actual_bitstream_energy,24,3,0.808197719,37.807869275,paper_ready,40.514335064,941.825593925,5767.22698482,6709.052578746,13.08091102674,80.100374789171,93.181285815912,24.84253234,86.711209986,33.792771,True,,,
clic2020,TCM,lam=0.0035,actual_bitstream_energy,24,3,0.197878585,31.79283762,paper_ready,35.68177094,696.673650738,8288.080844472,8984.75449521,9.676022926919,115.112233951002,124.788256877921,24.848977949,90.304883156,45.180752,True,,,
clic2020,TCM,lam=0.013,actual_bitstream_energy,24,3,0.412746588,34.773141623,paper_ready,36.189318631,702.66696232,8329.036358696,9031.703321016,9.759263365558,115.68106053744,125.440323902999,24.766578802,90.880590343,45.180752,True,,,
clic2020,DCAE,lam=0.0035,actual_bitstream_energy,24,3,0.178147356,31.753959656,paper_ready,43.675372377,841.366884355,13200.098194189,14041.465078544,11.685651171592,183.334697141514,195.020348313106,24.828245682,91.604320423,119.400351,True,,,
clic2020,DCAE,lam=0.013,actual_bitstream_energy,24,3,0.403607781,35.102492094,paper_ready,44.349208316,852.317144771,13227.910237215,14080.227381985,11.837738121814,183.720975516872,195.558713638686,24.802059563,92.283558561,119.400351,True,,,
clic2020,Cheng,q=1,actual_bitstream_energy,24,1,0.111505372,29.250584443,paper_ready,562.552347484,10313.624113958,18765.514990845,29079.139104802,429.734338081574,781.896457951855,1211.630796033429,24.919267429,80.987908437,13.183293,True,,,
clic2020,Cheng,q=3,actual_bitstream_energy,24,1,0.250950791,32.121330897,paper_ready,563.196037856,10174.369849087,18910.570441257,29084.940290344,423.932077045301,787.94043505237,1211.872512097671,24.726042965,80.936081746,13.183293,True,,,
clic2020,Cheng,q=5,actual_bitstream_energy,24,1,0.540381219,35.24614501,paper_ready,566.267662398,10440.438123867,15949.40075601,26389.838879877,435.018255161115,664.558364833762,1099.576619994878,24.885849311,88.962813152,29.631788,True,,,
clic2020,JPEG_AI,target_bpp=0.15,fair_inprocess_end_to_end_energy,24,1,0.15082493,29.638136069,paper_ready,706.560561584,10870.648232335,0.0,10870.648232335,452.943676347283,0.0,452.943676347283,25.010501322,80.348061544,0.0,True,persistent_python_process_reference_software,/home/user/tesi/external_codecs/jpeg-ai-reference-software,jpeg_ai_vm
clic2020,JPEG_AI,target_bpp=0.25,fair_inprocess_end_to_end_energy,24,1,0.261364612,31.379879554,paper_ready,616.271394123,12488.841217409,0.0,12488.841217409,520.368384058691,0.0,520.368384058691,20.806694936,36.841846503,0.0,True,persistent_python_process_reference_software,/home/user/tesi/external_codecs/jpeg-ai-reference-software,jpeg_ai_vm
clic2020,JPEG_AI,target_bpp=0.35,fair_inprocess_end_to_end_energy,24,1,0.359378341,32.557932854,paper_ready,653.534942762,13426.060888511,0.0,13426.060888511,559.419203687972,0.0,559.419203687972,20.215971415,36.958848077,0.0,True,persistent_python_process_reference_software,/home/user/tesi/external_codecs/jpeg-ai-reference-software,jpeg_ai_vm
clic2020,JPEG_AI,target_bpp=0.5,fair_inprocess_end_to_end_energy,24,1,0.503188483,33.805672805,paper_ready,609.545148728,12339.431373227,0.0,12339.431373227,514.142973884458,0.0,514.142973884458,20.843082177,36.691848245,0.0,True,persistent_python_process_reference_software,/home/user/tesi/external_codecs/jpeg-ai-reference-software,jpeg_ai_vm
clic2020,JPEG_AI,target_bpp=0.75,fair_inprocess_end_to_end_energy,24,1,0.749461656,35.53260239,paper_ready,660.745474311,13513.2606083,0.0,13513.2606083,563.05252534585,0.0,563.05252534585,20.094996238,35.672393403,0.0,True,persistent_python_process_reference_software,/home/user/tesi/external_codecs/jpeg-ai-reference-software,jpeg_ai_vm
clic2020,JPEG_AI,target_bpp=1.0,fair_inprocess_end_to_end_energy,24,1,1.027068247,36.861513456,paper_ready,674.328034445,13510.182829177,0.0,13510.182829177,562.924284549037,0.0,562.924284549037,20.513224953,36.658968516,0.0,True,persistent_python_process_reference_software,/home/user/tesi/external_codecs/jpeg-ai-reference-software,jpeg_ai_vm
