codec,family,seq,profile,preset,param,n_frames,is_neural,is_round_trip,actual_mbps,vmaf_mean,psnr_y,psnr_u,psnr_v,psnr_yuv,ssim_y,ms_ssim_y,time_encode_s,energy_encode_cpu_j,energy_encode_gpu_j,energy_encode_total_j,idle_cpu_w_encode,idle_gpu_w_encode,time_decode_s,energy_decode_cpu_j,energy_decode_gpu_j,energy_decode_total_j,idle_cpu_w_decode,idle_gpu_w_decode,energy_total_cpu_j,energy_total_gpu_j,energy_total_j,energy_total_kj,energy_per_frame_j,bitstream_path,codec_label,reference_preset
x264,AVC,Beauty,LDP,medium,crf=22,600,0,1,10.396,80.28,38.57,39.014,41.19,38.953,0.89681,0.97222,1.725,182.568,0.0,182.568,24.36,36.22,0.249,13.306,0.0,13.306,24.63,35.9,195.874,0.0,195.874,0.1959,0.326,/home/user/tesi/bitstreams_video/x264_Beauty_LDP_crf22.264,x264 medium,medium
x264,AVC,Beauty,LDP,medium,crf=27,600,0,1,4.645,68.242,37.45,38.844,40.871,38.052,0.88596,0.96467,1.404,132.213,0.0,132.213,24.38,35.82,0.19,9.715,0.0,9.715,24.52,36.14,141.928,0.0,141.928,0.1419,0.237,/home/user/tesi/bitstreams_video/x264_Beauty_LDP_crf27.264,x264 medium,medium
x264,AVC,Beauty,LDP,medium,crf=32,600,0,1,2.639,52.936,35.707,38.478,40.27,36.624,0.86786,0.94931,1.321,116.213,0.0,116.213,24.2,36.31,0.174,8.275,0.0,8.275,24.73,36.14,124.488,0.0,124.488,0.1245,0.207,/home/user/tesi/bitstreams_video/x264_Beauty_LDP_crf32.264,x264 medium,medium
x264,AVC,Beauty,LDP,medium,crf=37,600,0,1,1.575,36.565,33.454,38.053,39.589,34.796,0.84372,0.92386,1.273,105.314,0.0,105.314,24.25,36.56,0.162,7.421,0.0,7.421,24.55,36.47,112.735,0.0,112.735,0.1127,0.188,/home/user/tesi/bitstreams_video/x264_Beauty_LDP_crf37.264,x264 medium,medium
x264,AVC,Bosphorus,LDP,medium,crf=22,600,0,1,9.793,85.759,40.107,43.888,43.852,41.048,0.95549,0.98461,1.75,182.321,0.0,182.321,24.48,36.24,0.243,14.534,0.0,14.534,24.56,36.21,196.855,0.0,196.855,0.1969,0.328,/home/user/tesi/bitstreams_video/x264_Bosphorus_LDP_crf22.264,x264 medium,medium
x264,AVC,Bosphorus,LDP,medium,crf=27,600,0,1,4.577,72.999,37.21,42.482,42.397,38.517,0.92603,0.96905,1.345,130.272,0.0,130.272,24.23,36.22,0.201,11.094,0.0,11.094,24.49,35.78,141.366,0.0,141.366,0.1414,0.236,/home/user/tesi/bitstreams_video/x264_Bosphorus_LDP_crf27.264,x264 medium,medium
x264,AVC,Bosphorus,LDP,medium,crf=32,600,0,1,2.394,56.084,34.42,41.142,40.892,36.069,0.88383,0.94082,1.227,110.331,0.0,110.331,24.17,35.57,0.177,9.302,0.0,9.302,24.59,35.91,119.633,0.0,119.633,0.1196,0.199,/home/user/tesi/bitstreams_video/x264_Bosphorus_LDP_crf32.264,x264 medium,medium
x264,AVC,Bosphorus,LDP,medium,crf=37,600,0,1,1.378,37.699,31.759,40.069,39.709,33.791,0.82662,0.8892,1.185,100.265,0.0,100.265,24.22,36.29,0.164,7.637,0.0,7.637,24.47,36.28,107.902,0.0,107.902,0.1079,0.18,/home/user/tesi/bitstreams_video/x264_Bosphorus_LDP_crf37.264,x264 medium,medium
x264,AVC,HoneyBee,LDP,medium,crf=22,600,0,1,1.914,86.581,40.669,40.955,42.511,40.935,0.95617,0.98905,1.237,104.434,0.0,104.434,24.23,35.92,0.157,6.051,0.0,6.051,24.45,36.07,110.485,0.0,110.485,0.1105,0.184,/home/user/tesi/bitstreams_video/x264_HoneyBee_LDP_crf22.264,x264 medium,medium
x264,AVC,HoneyBee,LDP,medium,crf=27,600,0,1,0.918,78.148,38.774,38.898,41.212,39.094,0.94312,0.98299,1.207,93.289,0.0,93.289,24.51,36.26,0.145,5.04,0.0,5.04,24.51,36.3,98.329,0.0,98.329,0.0983,0.164,/home/user/tesi/bitstreams_video/x264_HoneyBee_LDP_crf27.264,x264 medium,medium
x264,AVC,HoneyBee,LDP,medium,crf=32,600,0,1,0.886,64.141,36.118,37.16,39.871,36.718,0.91793,0.96902,1.223,99.157,0.0,99.157,24.27,36.12,0.15,5.813,0.0,5.813,24.46,36.37,104.97,0.0,104.97,0.105,0.175,/home/user/tesi/bitstreams_video/x264_HoneyBee_LDP_crf32.264,x264 medium,medium
x264,AVC,HoneyBee,LDP,medium,crf=37,600,0,1,0.633,44.315,33.283,36.005,38.737,34.305,0.88003,0.94047,1.216,94.856,0.0,94.856,24.24,35.84,0.148,5.626,0.0,5.626,24.73,36.0,100.482,0.0,100.482,0.1005,0.167,/home/user/tesi/bitstreams_video/x264_HoneyBee_LDP_crf37.264,x264 medium,medium
x264,AVC,Jockey,LDP,medium,crf=22,600,0,1,10.947,93.492,40.91,43.511,43.342,41.539,0.95322,0.98568,1.768,177.906,0.0,177.906,24.35,37.1,0.238,14.222,0.0,14.222,24.55,35.3,192.128,0.0,192.128,0.1921,0.32,/home/user/tesi/bitstreams_video/x264_Jockey_LDP_crf22.264,x264 medium,medium
x264,AVC,Jockey,LDP,medium,crf=27,600,0,1,6.438,82.915,38.834,42.285,42.229,39.69,0.93944,0.97618,1.595,148.713,0.0,148.713,24.21,36.03,0.212,12.183,0.0,12.183,24.54,35.98,160.896,0.0,160.896,0.1609,0.268,/home/user/tesi/bitstreams_video/x264_Jockey_LDP_crf27.264,x264 medium,medium
x264,AVC,Jockey,LDP,medium,crf=32,600,0,1,4.128,67.87,36.397,41.002,40.94,37.54,0.91823,0.95689,1.513,133.363,0.0,133.363,24.23,36.22,0.193,10.96,0.0,10.96,24.51,36.1,144.323,0.0,144.323,0.1443,0.241,/home/user/tesi/bitstreams_video/x264_Jockey_LDP_crf32.264,x264 medium,medium
x264,AVC,Jockey,LDP,medium,crf=37,600,0,1,2.791,50.918,33.637,39.85,39.794,35.183,0.88961,0.92188,1.462,123.642,0.0,123.642,24.2,36.11,0.183,9.734,0.0,9.734,24.49,36.02,133.376,0.0,133.376,0.1334,0.222,/home/user/tesi/bitstreams_video/x264_Jockey_LDP_crf37.264,x264 medium,medium
x264,AVC,ReadySteadyGo,LDP,medium,crf=22,600,0,1,17.701,98.654,38.011,41.339,41.459,38.858,0.96295,0.99027,2.014,215.015,0.0,215.015,24.23,36.18,0.281,16.983,0.0,16.983,24.57,35.93,231.998,0.0,231.998,0.232,0.387,/home/user/tesi/bitstreams_video/x264_ReadySteadyGo_LDP_crf22.264,x264 medium,medium
x264,AVC,ReadySteadyGo,LDP,medium,crf=27,600,0,1,9.893,89.974,34.916,39.89,40.106,36.187,0.93598,0.97983,1.621,165.406,0.0,165.406,24.22,35.69,0.237,13.764,0.0,13.764,24.66,35.6,179.17,0.0,179.17,0.1792,0.299,/home/user/tesi/bitstreams_video/x264_ReadySteadyGo_LDP_crf27.264,x264 medium,medium
x264,AVC,ReadySteadyGo,LDP,medium,crf=32,600,0,1,5.766,73.598,31.969,38.65,38.968,33.679,0.89307,0.95931,1.414,138.666,0.0,138.666,24.18,35.95,0.204,11.171,0.0,11.171,24.71,36.19,149.837,0.0,149.837,0.1498,0.25,/home/user/tesi/bitstreams_video/x264_ReadySteadyGo_LDP_crf32.264,x264 medium,medium
x264,AVC,ReadySteadyGo,LDP,medium,crf=37,600,0,1,3.515,53.938,29.105,37.608,37.98,31.277,0.8328,0.9208,1.292,120.288,0.0,120.288,24.19,35.92,0.188,9.994,0.0,9.994,24.53,36.23,130.282,0.0,130.282,0.1303,0.217,/home/user/tesi/bitstreams_video/x264_ReadySteadyGo_LDP_crf37.264,x264 medium,medium
x264,AVC,ShakeNDry,LDP,medium,crf=22,300,0,1,17.212,82.297,38.066,41.05,41.781,38.903,0.93963,0.98111,0.995,99.941,0.0,99.941,24.36,36.43,0.182,5.62,0.0,5.62,24.45,35.92,105.561,0.0,105.561,0.1056,0.352,/home/user/tesi/bitstreams_video/x264_ShakeNDry_LDP_crf22.264,x264 medium,medium
x264,AVC,ShakeNDry,LDP,medium,crf=27,300,0,1,6.551,67.464,35.231,39.595,40.699,36.46,0.89687,0.95941,0.742,66.385,0.0,66.385,24.29,35.68,0.131,3.796,0.0,3.796,24.42,35.95,70.181,0.0,70.181,0.0702,0.234,/home/user/tesi/bitstreams_video/x264_ShakeNDry_LDP_crf27.264,x264 medium,medium
x264,AVC,ShakeNDry,LDP,medium,crf=32,300,0,1,2.21,47.443,32.544,38.238,39.631,34.141,0.83829,0.92098,0.644,50.29,0.0,50.29,24.23,36.11,0.106,3.047,0.0,3.047,24.39,36.41,53.337,0.0,53.337,0.0533,0.178,/home/user/tesi/bitstreams_video/x264_ShakeNDry_LDP_crf32.264,x264 medium,medium
x264,AVC,ShakeNDry,LDP,medium,crf=37,300,0,1,1.103,27.96,30.068,37.177,38.723,32.039,0.76707,0.86607,0.627,44.596,0.0,44.596,24.25,36.32,0.101,2.8,0.0,2.8,24.29,36.12,47.396,0.0,47.396,0.0474,0.158,/home/user/tesi/bitstreams_video/x264_ShakeNDry_LDP_crf37.264,x264 medium,medium
x264,AVC,YachtRide,LDP,medium,crf=22,600,0,1,26.538,86.454,37.369,42.317,41.35,38.485,0.9488,0.98261,2.616,283.046,0.0,283.046,24.18,36.18,0.329,21.698,0.0,21.698,25.21,40.22,304.744,0.0,304.744,0.3047,0.508,/home/user/tesi/bitstreams_video/x264_YachtRide_LDP_crf22.264,x264 medium,medium
x264,AVC,YachtRide,LDP,medium,crf=27,600,0,1,12.643,70.793,34.184,41.205,40.15,35.807,0.90804,0.96174,1.964,206.079,0.0,206.079,24.58,35.69,0.251,16.097,0.0,16.097,25.09,38.02,222.176,0.0,222.176,0.2222,0.37,/home/user/tesi/bitstreams_video/x264_YachtRide_LDP_crf27.264,x264 medium,medium
x264,AVC,YachtRide,LDP,medium,crf=32,600,0,1,5.76,50.167,31.2,40.179,39.063,33.305,0.84519,0.92026,1.449,143.109,0.0,143.109,24.28,35.98,0.211,11.77,0.0,11.77,24.49,36.16,154.879,0.0,154.879,0.1549,0.258,/home/user/tesi/bitstreams_video/x264_YachtRide_LDP_crf32.264,x264 medium,medium
x264,AVC,YachtRide,LDP,medium,crf=37,600,0,1,2.648,32.038,28.559,39.245,37.985,31.073,0.77002,0.85161,1.272,113.682,0.0,113.682,24.4,36.42,0.18,9.114,0.0,9.114,24.52,36.24,122.796,0.0,122.796,0.1228,0.205,/home/user/tesi/bitstreams_video/x264_YachtRide_LDP_crf37.264,x264 medium,medium
x265,HEVC,Beauty,LDP,medium,crf=22,600,0,1,7.853,83.981,39.098,39.062,41.214,39.358,0.90339,0.9756,6.991,530.066,0.0,530.066,24.5,36.43,0.707,32.221,0.0,32.221,24.78,36.11,562.287,0.0,562.287,0.5623,0.937,/home/user/tesi/bitstreams_video/x265_Beauty_LDP_crf22.265,x265 medium,medium
x265,HEVC,Beauty,LDP,medium,crf=27,600,0,1,3.581,73.995,38.228,38.695,40.537,38.575,0.89456,0.9702,5.059,363.82,0.0,363.82,24.55,36.15,0.528,24.079,0.0,24.079,24.63,36.22,387.899,0.0,387.899,0.3879,0.646,/home/user/tesi/bitstreams_video/x265_Beauty_LDP_crf27.265,x265 medium,medium
x265,HEVC,Beauty,LDP,medium,crf=32,600,0,1,1.821,59.561,36.694,38.163,39.831,37.27,0.87757,0.95832,3.741,272.943,0.0,272.943,24.66,36.04,0.454,21.152,0.0,21.152,24.72,36.56,294.095,0.0,294.095,0.2941,0.49,/home/user/tesi/bitstreams_video/x265_Beauty_LDP_crf32.265,x265 medium,medium
x265,HEVC,Beauty,LDP,medium,crf=37,600,0,1,0.864,40.464,34.414,37.73,38.965,35.398,0.85152,0.9348,2.734,203.644,0.0,203.644,24.52,36.51,0.401,17.891,0.0,17.891,24.67,36.18,221.535,0.0,221.535,0.2215,0.369,/home/user/tesi/bitstreams_video/x265_Beauty_LDP_crf37.265,x265 medium,medium
x265,HEVC,Bosphorus,LDP,medium,crf=22,600,0,1,10.448,89.76,41.643,44.037,44.059,42.244,0.9659,0.98871,7.05,539.568,0.0,539.568,24.51,36.33,0.937,37.866,0.0,37.866,24.66,36.11,577.434,0.0,577.434,0.5774,0.962,/home/user/tesi/bitstreams_video/x265_Bosphorus_LDP_crf22.265,x265 medium,medium
x265,HEVC,Bosphorus,LDP,medium,crf=27,600,0,1,4.301,80.028,38.907,42.003,41.973,39.677,0.94363,0.97732,5.228,368.973,0.0,368.973,24.44,35.72,0.715,29.813,0.0,29.813,24.78,36.01,398.786,0.0,398.786,0.3988,0.665,/home/user/tesi/bitstreams_video/x265_Bosphorus_LDP_crf27.265,x265 medium,medium
x265,HEVC,Bosphorus,LDP,medium,crf=32,600,0,1,1.805,63.863,35.949,40.117,40.104,36.99,0.9058,0.95394,3.897,264.475,0.0,264.475,24.51,36.23,0.555,22.842,0.0,22.842,24.7,35.79,287.317,0.0,287.317,0.2873,0.479,/home/user/tesi/bitstreams_video/x265_Bosphorus_LDP_crf32.265,x265 medium,medium
x265,HEVC,Bosphorus,LDP,medium,crf=37,600,0,1,0.751,44.378,32.973,38.953,38.614,34.426,0.85087,0.91207,2.805,196.256,0.0,196.256,24.48,35.13,0.438,18.561,0.0,18.561,24.97,34.69,214.817,0.0,214.817,0.2148,0.358,/home/user/tesi/bitstreams_video/x265_Bosphorus_LDP_crf37.265,x265 medium,medium
x265,HEVC,HoneyBee,LDP,medium,crf=22,600,0,1,1.362,87.65,41.246,40.906,42.238,41.328,0.96037,0.99029,2.822,210.246,0.0,210.246,24.62,35.97,0.404,17.472,0.0,17.472,24.63,36.03,227.718,0.0,227.718,0.2277,0.38,/home/user/tesi/bitstreams_video/x265_HoneyBee_LDP_crf22.265,x265 medium,medium
x265,HEVC,HoneyBee,LDP,medium,crf=27,600,0,1,0.472,77.601,39.271,38.336,40.137,39.262,0.94727,0.98401,2.646,175.761,0.0,175.761,24.33,36.37,0.357,15.241,0.0,15.241,24.47,35.87,191.002,0.0,191.002,0.191,0.318,/home/user/tesi/bitstreams_video/x265_HoneyBee_LDP_crf27.265,x265 medium,medium
x265,HEVC,HoneyBee,LDP,medium,crf=32,600,0,1,0.282,64.775,36.871,36.563,38.492,37.035,0.9245,0.97188,2.575,162.029,0.0,162.029,24.51,36.12,0.366,14.977,0.0,14.977,24.56,36.23,177.006,0.0,177.006,0.177,0.295,/home/user/tesi/bitstreams_video/x265_HoneyBee_LDP_crf32.265,x265 medium,medium
x265,HEVC,HoneyBee,LDP,medium,crf=37,600,0,1,0.202,46.13,34.04,35.415,38.401,34.757,0.88849,0.9468,2.578,157.909,0.0,157.909,24.34,35.34,0.343,14.122,0.0,14.122,24.5,36.21,172.031,0.0,172.031,0.172,0.287,/home/user/tesi/bitstreams_video/x265_HoneyBee_LDP_crf37.265,x265 medium,medium
x265,HEVC,Jockey,LDP,medium,crf=22,600,0,1,7.553,95.731,41.926,43.451,43.373,42.298,0.95796,0.98759,6.559,533.743,0.0,533.743,24.38,36.29,0.716,32.205,0.0,32.205,24.64,36.22,565.948,0.0,565.948,0.5659,0.943,/home/user/tesi/bitstreams_video/x265_Jockey_LDP_crf22.265,x265 medium,medium
x265,HEVC,Jockey,LDP,medium,crf=27,600,0,1,4.06,87.471,40.064,41.678,41.775,40.48,0.94672,0.98001,5.097,404.85,0.0,404.85,24.51,36.18,0.592,27.211,0.0,27.211,24.55,35.86,432.061,0.0,432.061,0.4321,0.72,/home/user/tesi/bitstreams_video/x265_Jockey_LDP_crf27.265,x265 medium,medium
x265,HEVC,Jockey,LDP,medium,crf=32,600,0,1,2.313,73.404,37.47,40.14,40.307,38.158,0.9249,0.96347,4.062,319.666,0.0,319.666,24.47,35.76,0.518,23.372,0.0,23.372,24.64,35.85,343.038,0.0,343.038,0.343,0.572,/home/user/tesi/bitstreams_video/x265_Jockey_LDP_crf32.265,x265 medium,medium
x265,HEVC,Jockey,LDP,medium,crf=37,600,0,1,1.261,55.562,34.407,38.346,38.492,35.41,0.89131,0.93145,3.316,254.942,0.0,254.942,24.36,36.44,0.463,20.496,0.0,20.496,24.52,36.09,275.438,0.0,275.438,0.2754,0.459,/home/user/tesi/bitstreams_video/x265_Jockey_LDP_crf37.265,x265 medium,medium
x265,HEVC,ReadySteadyGo,LDP,medium,crf=22,600,0,1,19.174,99.66,40.076,42.098,42.138,40.586,0.97232,0.99292,8.024,611.765,0.0,611.765,24.73,36.15,1.176,44.163,0.0,44.163,24.55,35.89,655.928,0.0,655.928,0.6559,1.093,/home/user/tesi/bitstreams_video/x265_ReadySteadyGo_LDP_crf22.265,x265 medium,medium
x265,HEVC,ReadySteadyGo,LDP,medium,crf=27,600,0,1,9.985,96.317,37.043,39.78,40.017,37.757,0.95292,0.98568,6.26,468.49,0.0,468.49,24.4,37.21,0.896,35.185,0.0,35.185,24.49,36.36,503.675,0.0,503.675,0.5037,0.839,/home/user/tesi/bitstreams_video/x265_ReadySteadyGo_LDP_crf27.265,x265 medium,medium
x265,HEVC,ReadySteadyGo,LDP,medium,crf=32,600,0,1,5.293,83.127,33.869,37.66,38.089,34.87,0.91742,0.97025,4.998,367.449,0.0,367.449,24.43,35.9,0.723,29.685,0.0,29.685,24.55,36.33,397.134,0.0,397.134,0.3971,0.662,/home/user/tesi/bitstreams_video/x265_ReadySteadyGo_LDP_crf32.265,x265 medium,medium
x265,HEVC,ReadySteadyGo,LDP,medium,crf=37,600,0,1,2.672,63.223,30.567,35.664,36.426,31.936,0.85599,0.93744,3.939,289.972,0.0,289.972,24.42,36.23,0.59,25.022,0.0,25.022,24.57,36.56,314.994,0.0,314.994,0.315,0.525,/home/user/tesi/bitstreams_video/x265_ReadySteadyGo_LDP_crf37.265,x265 medium,medium
x265,HEVC,ShakeNDry,LDP,medium,crf=22,300,0,1,20.017,85.649,39.394,41.134,41.835,39.916,0.95323,0.98624,4.217,338.924,0.0,338.924,24.44,36.09,0.498,17.762,0.0,17.762,24.79,36.08,356.686,0.0,356.686,0.3567,1.189,/home/user/tesi/bitstreams_video/x265_ShakeNDry_LDP_crf22.265,x265 medium,medium
x265,HEVC,ShakeNDry,LDP,medium,crf=27,300,0,1,8.134,73.761,36.811,39.09,40.355,37.539,0.92361,0.9719,2.911,219.268,0.0,219.268,24.4,36.3,0.356,12.384,0.0,12.384,24.63,36.08,231.652,0.0,231.652,0.2317,0.772,/home/user/tesi/bitstreams_video/x265_ShakeNDry_LDP_crf27.265,x265 medium,medium
x265,HEVC,ShakeNDry,LDP,medium,crf=32,300,0,1,2.784,55.928,34.013,37.47,39.246,35.099,0.8731,0.94277,1.911,139.436,0.0,139.436,24.34,36.25,0.271,9.23,0.0,9.23,24.68,36.34,148.666,0.0,148.666,0.1487,0.496,/home/user/tesi/bitstreams_video/x265_ShakeNDry_LDP_crf32.265,x265 medium,medium
x265,HEVC,ShakeNDry,LDP,medium,crf=37,300,0,1,0.817,34.911,31.15,36.284,38.354,32.692,0.79837,0.88943,1.35,94.666,0.0,94.666,24.33,36.35,0.22,7.199,0.0,7.199,24.52,36.31,101.865,0.0,101.865,0.1019,0.34,/home/user/tesi/bitstreams_video/x265_ShakeNDry_LDP_crf37.265,x265 medium,medium
x265,HEVC,YachtRide,LDP,medium,crf=22,600,0,1,31.684,90.828,39.255,42.584,41.841,39.994,0.96169,0.98714,10.669,820.862,0.0,820.862,24.42,35.83,1.5,55.571,0.0,55.571,24.56,36.31,876.433,0.0,876.433,0.8764,1.461,/home/user/tesi/bitstreams_video/x265_YachtRide_LDP_crf22.265,x265 medium,medium
x265,HEVC,YachtRide,LDP,medium,crf=27,600,0,1,15.185,79.409,36.147,40.725,39.871,37.185,0.93229,0.97277,8.214,602.589,0.0,602.589,24.44,36.44,1.081,42.248,0.0,42.248,24.58,36.87,644.837,0.0,644.837,0.6448,1.075,/home/user/tesi/bitstreams_video/x265_YachtRide_LDP_crf27.265,x265 medium,medium
x265,HEVC,YachtRide,LDP,medium,crf=32,600,0,1,6.593,61.609,33.028,39.308,38.202,34.459,0.88046,0.94241,6.078,427.943,0.0,427.943,24.47,36.51,0.789,31.93,0.0,31.93,24.65,36.59,459.873,0.0,459.873,0.4599,0.766,/home/user/tesi/bitstreams_video/x265_YachtRide_LDP_crf32.265,x265 medium,medium
x265,HEVC,YachtRide,LDP,medium,crf=37,600,0,1,2.453,41.537,30.02,38.26,36.85,31.904,0.80401,0.88744,4.189,289.523,0.0,289.523,24.47,36.59,0.585,24.466,0.0,24.466,24.57,35.99,313.989,0.0,313.989,0.314,0.523,/home/user/tesi/bitstreams_video/x265_YachtRide_LDP_crf37.265,x265 medium,medium
vvenc,VVC,Beauty,LDP,medium,crf=27,600,0,1,4.387,85.509,39.434,39.411,41.808,39.728,0.90809,0.97781,172.659,12525.808,0.0,12525.808,24.83,37.07,1.243,115.981,0.0,115.981,24.73,37.17,12641.789,0.0,12641.789,12.6418,21.07,/dev/shm/bitstreams/vvenc_Beauty_LDP_crf27.266,VVenC medium,medium
vvenc,VVC,Beauty,LDP,medium,crf=33,600,0,1,1.72,75.017,38.516,39.243,41.513,38.982,0.89948,0.97242,96.007,6800.948,0.0,6800.948,24.53,37.04,1.108,99.838,0.0,99.838,24.65,36.69,6900.786,0.0,6900.786,6.9008,11.501,/dev/shm/bitstreams/vvenc_Beauty_LDP_crf33.266,VVenC medium,medium
vvenc,VVC,Beauty,LDP,medium,crf=39,600,0,1,0.766,61.979,37.277,39.014,41.105,37.972,0.88874,0.96382,65.607,4661.573,0.0,4661.573,24.61,36.71,1.049,91.858,0.0,91.858,24.92,36.52,4753.431,0.0,4753.431,4.7534,7.922,/dev/shm/bitstreams/vvenc_Beauty_LDP_crf39.266,VVenC medium,medium
vvenc,VVC,Beauty,LDP,medium,crf=45,600,0,1,0.306,44.04,35.358,38.649,40.556,36.419,0.87367,0.94773,43.732,3003.882,0.0,3003.882,24.65,36.94,0.979,82.414,0.0,82.414,24.63,36.14,3086.296,0.0,3086.296,3.0863,5.144,/dev/shm/bitstreams/vvenc_Beauty_LDP_crf45.266,VVenC medium,medium
vvenc,VVC,Bosphorus,LDP,medium,crf=27,600,0,1,7.72,92.778,43.79,49.147,48.204,45.011,0.97914,0.99376,186.97,12086.455,0.0,12086.455,24.64,37.17,1.425,127.187,0.0,127.187,24.77,36.86,12213.642,0.0,12213.642,12.2136,20.356,/dev/shm/bitstreams/vvenc_Bosphorus_LDP_crf27.266,VVenC medium,medium
vvenc,VVC,Bosphorus,LDP,medium,crf=33,600,0,1,2.979,86.608,41.187,47.625,46.832,42.697,0.96643,0.98823,120.681,7385.062,0.0,7385.062,24.59,36.79,1.17,104.487,0.0,104.487,24.53,36.9,7489.549,0.0,7489.549,7.4895,12.483,/dev/shm/bitstreams/vvenc_Bosphorus_LDP_crf33.266,VVenC medium,medium
vvenc,VVC,Bosphorus,LDP,medium,crf=39,600,0,1,1.29,77.818,38.83,46.032,45.308,40.54,0.94752,0.97874,84.682,5181.618,0.0,5181.618,24.61,36.59,1.075,94.239,0.0,94.239,24.62,36.69,5275.857,0.0,5275.857,5.2759,8.793,/dev/shm/bitstreams/vvenc_Bosphorus_LDP_crf39.266,VVenC medium,medium
vvenc,VVC,Bosphorus,LDP,medium,crf=45,600,0,1,0.498,63.062,36.164,44.109,43.373,38.058,0.91561,0.95896,55.054,3399.838,0.0,3399.838,24.59,36.67,1.007,87.454,0.0,87.454,24.6,36.82,3487.292,0.0,3487.292,3.4873,5.812,/dev/shm/bitstreams/vvenc_Bosphorus_LDP_crf45.266,VVenC medium,medium
vvenc,VVC,HoneyBee,LDP,medium,crf=27,600,0,1,1.544,94.075,43.419,45.304,44.955,43.847,0.9716,0.99422,61.767,4652.269,0.0,4652.269,25.81,36.6,1.117,86.73,0.0,86.73,24.95,34.93,4738.999,0.0,4738.999,4.739,7.898,/dev/shm/bitstreams/vvenc_HoneyBee_LDP_crf27.266,VVenC medium,medium
vvenc,VVC,HoneyBee,LDP,medium,crf=33,600,0,1,0.755,92.046,42.642,43.561,43.947,42.92,0.9684,0.99297,41.794,3128.254,0.0,3128.254,24.53,34.75,1.005,71.97,0.0,71.97,24.57,34.95,3200.224,0.0,3200.224,3.2002,5.334,/dev/shm/bitstreams/vvenc_HoneyBee_LDP_crf33.266,VVenC medium,medium
vvenc,VVC,HoneyBee,LDP,medium,crf=39,600,0,1,0.453,88.0,41.449,41.453,42.721,41.608,0.96289,0.9906,33.104,2573.368,0.0,2573.368,24.82,35.3,0.962,68.531,0.0,68.531,24.63,35.42,2641.899,0.0,2641.899,2.6419,4.403,/dev/shm/bitstreams/vvenc_HoneyBee_LDP_crf39.266,VVenC medium,medium
vvenc,VVC,HoneyBee,LDP,medium,crf=45,600,0,1,0.259,78.791,39.417,38.454,40.978,39.492,0.95071,0.98441,24.479,1899.669,0.0,1899.669,24.74,35.25,0.937,66.685,0.0,66.685,24.66,34.36,1966.354,0.0,1966.354,1.9664,3.277,/dev/shm/bitstreams/vvenc_HoneyBee_LDP_crf45.266,VVenC medium,medium
vvenc,VVC,Jockey,LDP,medium,crf=27,600,0,1,4.424,95.959,42.716,44.856,44.469,43.202,0.96375,0.98982,127.303,9839.131,0.0,9839.131,24.83,36.06,1.289,120.935,0.0,120.935,24.65,35.65,9960.066,0.0,9960.066,9.9601,16.6,/dev/shm/bitstreams/vvenc_Jockey_LDP_crf27.266,VVenC medium,medium
vvenc,VVC,Jockey,LDP,medium,crf=33,600,0,1,2.033,87.074,40.622,43.14,42.906,41.222,0.95424,0.98325,84.086,6448.381,0.0,6448.381,24.57,35.48,1.152,103.03,0.0,103.03,24.64,36.04,6551.411,0.0,6551.411,6.5514,10.919,/dev/shm/bitstreams/vvenc_Jockey_LDP_crf33.266,VVenC medium,medium
vvenc,VVC,Jockey,LDP,medium,crf=39,600,0,1,1.034,72.511,38.071,41.185,41.036,38.831,0.93988,0.9707,61.271,4713.327,0.0,4713.327,24.6,36.14,1.064,91.024,0.0,91.024,24.69,35.03,4804.351,0.0,4804.351,4.8044,8.007,/dev/shm/bitstreams/vvenc_Jockey_LDP_crf39.266,VVenC medium,medium
vvenc,VVC,Jockey,LDP,medium,crf=45,600,0,1,0.441,51.812,34.339,39.313,39.1,35.556,0.9141,0.9374,41.949,3136.997,0.0,3136.997,24.63,35.77,0.999,81.692,0.0,81.692,24.63,35.96,3218.689,0.0,3218.689,3.2187,5.364,/dev/shm/bitstreams/vvenc_Jockey_LDP_crf45.266,VVenC medium,medium
vvenc,VVC,ReadySteadyGo,LDP,medium,crf=27,600,0,1,9.133,99.747,40.621,43.816,43.817,41.42,0.97624,0.9937,196.115,14705.231,0.0,14705.231,24.58,36.09,1.538,138.453,0.0,138.453,24.6,36.21,14843.684,0.0,14843.684,14.8437,24.739,/dev/shm/bitstreams/vvenc_ReadySteadyGo_LDP_crf27.266,VVenC medium,medium
vvenc,VVC,ReadySteadyGo,LDP,medium,crf=33,600,0,1,4.117,94.89,36.78,41.118,41.371,37.896,0.95437,0.98492,129.918,9479.745,0.0,9479.745,24.79,36.42,1.272,113.372,0.0,113.372,24.68,35.72,9593.117,0.0,9593.117,9.5931,15.989,/dev/shm/bitstreams/vvenc_ReadySteadyGo_LDP_crf33.266,VVenC medium,medium
vvenc,VVC,ReadySteadyGo,LDP,medium,crf=39,600,0,1,1.98,79.996,33.357,38.682,39.09,34.739,0.9183,0.96701,90.253,6643.173,0.0,6643.173,24.66,35.67,1.133,101.212,0.0,101.212,24.58,36.39,6744.385,0.0,6744.385,6.7444,11.241,/dev/shm/bitstreams/vvenc_ReadySteadyGo_LDP_crf39.266,VVenC medium,medium
vvenc,VVC,ReadySteadyGo,LDP,medium,crf=45,600,0,1,0.798,57.85,29.606,36.825,37.413,31.485,0.85654,0.92408,61.467,4394.564,0.0,4394.564,24.7,36.41,1.041,90.545,0.0,90.545,24.68,35.76,4485.109,0.0,4485.109,4.4851,7.475,/dev/shm/bitstreams/vvenc_ReadySteadyGo_LDP_crf45.266,VVenC medium,medium
vvenc,VVC,ShakeNDry,LDP,medium,crf=27,300,0,1,13.359,89.556,40.699,43.949,44.305,41.556,0.96289,0.98904,104.206,8879.012,0.0,8879.012,24.49,35.32,0.847,70.282,0.0,70.282,24.59,35.4,8949.294,0.0,8949.294,8.9493,29.831,/dev/shm/bitstreams/vvenc_ShakeNDry_LDP_crf27.266,VVenC medium,medium
vvenc,VVC,ShakeNDry,LDP,medium,crf=33,300,0,1,3.942,79.299,37.661,42.574,43.08,38.953,0.93419,0.97361,55.56,4268.894,0.0,4268.894,24.78,35.31,0.66,49.314,0.0,49.314,24.61,35.83,4318.208,0.0,4318.208,4.3182,14.394,/dev/shm/bitstreams/vvenc_ShakeNDry_LDP_crf33.266,VVenC medium,medium
vvenc,VVC,ShakeNDry,LDP,medium,crf=39,300,0,1,1.202,68.765,35.519,41.148,41.898,37.02,0.90687,0.95329,30.573,2249.743,0.0,2249.743,24.53,35.78,0.572,38.648,0.0,38.648,24.56,35.55,2288.391,0.0,2288.391,2.2884,7.628,/dev/shm/bitstreams/vvenc_ShakeNDry_LDP_crf39.266,VVenC medium,medium
vvenc,VVC,ShakeNDry,LDP,medium,crf=45,300,0,1,0.517,55.621,33.683,39.539,40.628,35.283,0.87608,0.93384,20.308,1450.574,0.0,1450.574,24.54,35.01,0.531,33.479,0.0,33.479,24.57,35.53,1484.053,0.0,1484.053,1.4841,4.947,/dev/shm/bitstreams/vvenc_ShakeNDry_LDP_crf45.266,VVenC medium,medium
vvenc,VVC,YachtRide,LDP,medium,crf=27,600,0,1,19.666,91.834,39.329,45.937,44.801,40.839,0.96641,0.98884,296.727,24375.032,0.0,24375.032,24.5,35.59,1.873,185.271,0.0,185.271,24.57,35.06,24560.303,0.0,24560.303,24.5603,40.934,/dev/shm/bitstreams/vvenc_YachtRide_LDP_crf27.266,VVenC medium,medium
vvenc,VVC,YachtRide,LDP,medium,crf=33,600,0,1,6.737,75.889,35.232,44.059,42.859,37.289,0.93079,0.97146,174.936,13393.083,0.0,13393.083,24.8,35.35,1.43,137.417,0.0,137.417,24.44,36.06,13530.5,0.0,13530.5,13.5305,22.551,/dev/shm/bitstreams/vvenc_YachtRide_LDP_crf33.266,VVenC medium,medium
vvenc,VVC,YachtRide,LDP,medium,crf=39,600,0,1,2.312,57.582,32.229,42.301,40.97,34.58,0.88174,0.94151,104.87,7646.102,0.0,7646.102,24.8,36.1,1.205,112.597,0.0,112.597,24.62,36.11,7758.699,0.0,7758.699,7.7587,12.931,/dev/shm/bitstreams/vvenc_YachtRide_LDP_crf39.266,VVenC medium,medium
vvenc,VVC,YachtRide,LDP,medium,crf=45,600,0,1,0.822,41.105,30.089,40.961,39.445,32.618,0.82518,0.89353,69.273,4593.23,0.0,4593.23,24.56,36.04,1.079,97.272,0.0,97.272,24.84,35.32,4690.502,0.0,4690.502,4.6905,7.818,/dev/shm/bitstreams/vvenc_YachtRide_LDP_crf45.266,VVenC medium,medium
svtav1,AV1,Beauty,LDP,p5,crf=27,600,0,1,46.073,89.984,40.156,39.747,41.88,40.321,0.92008,0.98262,17.954,891.151,0.0,891.151,24.31,36.49,1.51,49.05,0.0,49.05,24.37,35.97,940.201,0.0,940.201,0.9402,1.567,/home/user/tesi/bitstreams_video/svtav1_Beauty_LDP_crf27.ivf,SVT-AV1 p5,p5
svtav1,AV1,Beauty,LDP,p5,crf=35,600,0,1,10.439,85.249,39.387,39.266,41.47,39.632,0.90769,0.97785,14.873,781.117,0.0,781.117,24.33,36.69,0.491,21.47,0.0,21.47,24.39,36.61,802.587,0.0,802.587,0.8026,1.338,/home/user/tesi/bitstreams_video/svtav1_Beauty_LDP_crf35.ivf,SVT-AV1 p5,p5
svtav1,AV1,Beauty,LDP,p5,crf=43,600,0,1,3.707,77.59,38.649,39.045,41.138,39.01,0.89937,0.97313,12.643,633.952,0.0,633.952,24.33,36.55,0.314,14.286,0.0,14.286,24.42,36.81,648.238,0.0,648.238,0.6482,1.08,/home/user/tesi/bitstreams_video/svtav1_Beauty_LDP_crf43.ivf,SVT-AV1 p5,p5
svtav1,AV1,Beauty,LDP,p5,crf=51,600,0,1,1.84,66.687,37.714,38.815,40.725,38.228,0.89049,0.96689,12.656,621.561,0.0,621.561,24.3,37.05,0.309,12.563,0.0,12.563,24.37,36.86,634.124,0.0,634.124,0.6341,1.057,/home/user/tesi/bitstreams_video/svtav1_Beauty_LDP_crf51.ivf,SVT-AV1 p5,p5
svtav1,AV1,Bosphorus,LDP,p5,crf=27,600,0,1,18.659,93.631,43.506,46.637,46.365,44.255,0.97677,0.9931,16.446,749.717,0.0,749.717,24.39,37.22,0.726,30.825,0.0,30.825,24.41,37.28,780.542,0.0,780.542,0.7805,1.301,/home/user/tesi/bitstreams_video/svtav1_Bosphorus_LDP_crf27.ivf,SVT-AV1 p5,p5
svtav1,AV1,Bosphorus,LDP,p5,crf=35,600,0,1,8.519,88.936,41.481,45.308,45.111,42.413,0.96651,0.98855,14.797,686.533,0.0,686.533,24.32,37.09,0.477,20.899,0.0,20.899,23.95,36.51,707.432,0.0,707.432,0.7074,1.179,/home/user/tesi/bitstreams_video/svtav1_Bosphorus_LDP_crf35.ivf,SVT-AV1 p5,p5
svtav1,AV1,Bosphorus,LDP,p5,crf=43,600,0,1,3.977,81.803,39.431,43.911,43.726,40.528,0.95101,0.98086,13.966,647.708,0.0,647.708,24.27,36.6,0.356,14.709,0.0,14.709,24.42,36.75,662.417,0.0,662.417,0.6624,1.104,/home/user/tesi/bitstreams_video/svtav1_Bosphorus_LDP_crf43.ivf,SVT-AV1 p5,p5
svtav1,AV1,Bosphorus,LDP,p5,crf=51,600,0,1,1.772,72.035,37.478,42.682,42.453,38.751,0.93031,0.96901,20.772,959.123,0.0,959.123,24.27,36.53,0.309,11.067,0.0,11.067,24.34,37.06,970.19,0.0,970.19,0.9702,1.617,/home/user/tesi/bitstreams_video/svtav1_Bosphorus_LDP_crf51.ivf,SVT-AV1 p5,p5
svtav1,AV1,HoneyBee,LDP,p5,crf=27,600,0,1,6.361,93.186,43.076,44.302,44.464,43.403,0.97006,0.99392,10.516,548.849,0.0,548.849,24.31,36.19,0.572,18.737,0.0,18.737,24.4,36.41,567.586,0.0,567.586,0.5676,0.946,/home/user/tesi/bitstreams_video/svtav1_HoneyBee_LDP_crf27.ivf,SVT-AV1 p5,p5
svtav1,AV1,HoneyBee,LDP,p5,crf=35,600,0,1,0.926,91.39,42.432,43.16,43.709,42.682,0.96701,0.99276,8.361,423.148,0.0,423.148,24.42,36.43,0.318,8.882,0.0,8.882,24.65,37.63,432.03,0.0,432.03,0.432,0.72,/home/user/tesi/bitstreams_video/svtav1_HoneyBee_LDP_crf35.ivf,SVT-AV1 p5,p5
svtav1,AV1,HoneyBee,LDP,p5,crf=43,600,0,1,0.38,88.145,41.46,41.749,42.85,41.67,0.96226,0.99075,5.63,300.658,0.0,300.658,24.3,36.67,0.305,7.332,0.0,7.332,24.42,36.44,307.99,0.0,307.99,0.308,0.513,/home/user/tesi/bitstreams_video/svtav1_HoneyBee_LDP_crf43.ivf,SVT-AV1 p5,p5
svtav1,AV1,HoneyBee,LDP,p5,crf=51,600,0,1,0.211,82.648,40.093,39.721,41.534,40.226,0.9543,0.98712,6.102,317.168,0.0,317.168,24.32,36.31,0.304,7.04,0.0,7.04,24.51,36.51,324.208,0.0,324.208,0.3242,0.54,/home/user/tesi/bitstreams_video/svtav1_HoneyBee_LDP_crf51.ivf,SVT-AV1 p5,p5
svtav1,AV1,Jockey,LDP,p5,crf=27,600,0,1,19.253,97.936,43.443,45.157,44.72,43.817,0.96608,0.99176,16.355,772.084,0.0,772.084,24.37,36.38,0.648,29.927,0.0,29.927,24.42,36.23,802.011,0.0,802.011,0.802,1.337,/home/user/tesi/bitstreams_video/svtav1_Jockey_LDP_crf27.ivf,SVT-AV1 p5,p5
svtav1,AV1,Jockey,LDP,p5,crf=35,600,0,1,8.806,96.527,42.533,44.227,43.946,42.921,0.96167,0.98938,15.912,752.024,0.0,752.024,24.61,36.27,0.398,20.772,0.0,20.772,24.42,36.32,772.796,0.0,772.796,0.7728,1.288,/home/user/tesi/bitstreams_video/svtav1_Jockey_LDP_crf35.ivf,SVT-AV1 p5,p5
svtav1,AV1,Jockey,LDP,p5,crf=43,600,0,1,4.781,92.179,41.194,42.993,42.837,41.624,0.95465,0.98502,14.452,683.723,0.0,683.723,24.42,36.37,0.324,16.543,0.0,16.543,24.62,36.55,700.266,0.0,700.266,0.7003,1.167,/home/user/tesi/bitstreams_video/svtav1_Jockey_LDP_crf43.ivf,SVT-AV1 p5,p5
svtav1,AV1,Jockey,LDP,p5,crf=51,600,0,1,2.589,82.828,39.417,41.548,41.444,39.937,0.94385,0.97703,15.133,724.88,0.0,724.88,24.41,36.67,0.318,14.003,0.0,14.003,24.51,36.24,738.883,0.0,738.883,0.7389,1.231,/home/user/tesi/bitstreams_video/svtav1_Jockey_LDP_crf51.ivf,SVT-AV1 p5,p5
svtav1,AV1,ReadySteadyGo,LDP,p5,crf=27,600,0,1,39.262,99.932,43.224,44.839,44.682,43.608,0.98378,0.99648,22.597,928.11,0.0,928.11,24.59,36.54,0.951,41.861,0.0,41.861,24.35,36.95,969.971,0.0,969.971,0.97,1.617,/home/user/tesi/bitstreams_video/svtav1_ReadySteadyGo_LDP_crf27.ivf,SVT-AV1 p5,p5
svtav1,AV1,ReadySteadyGo,LDP,p5,crf=35,600,0,1,21.479,99.846,41.039,42.995,42.984,41.527,0.97663,0.99415,24.109,1041.143,0.0,1041.143,24.45,36.7,0.678,31.68,0.0,31.68,24.33,36.71,1072.823,0.0,1072.823,1.0728,1.788,/home/user/tesi/bitstreams_video/svtav1_ReadySteadyGo_LDP_crf35.ivf,SVT-AV1 p5,p5
svtav1,AV1,ReadySteadyGo,LDP,p5,crf=43,600,0,1,11.901,98.576,38.447,40.981,41.127,39.099,0.96315,0.98927,23.203,1027.898,0.0,1027.898,24.46,36.78,0.506,24.367,0.0,24.367,24.41,36.6,1052.265,0.0,1052.265,1.0523,1.754,/home/user/tesi/bitstreams_video/svtav1_ReadySteadyGo_LDP_crf43.ivf,SVT-AV1 p5,p5
svtav1,AV1,ReadySteadyGo,LDP,p5,crf=51,600,0,1,6.334,92.067,35.726,39.029,39.297,36.585,0.94009,0.97973,26.251,1147.397,0.0,1147.397,24.46,37.89,0.392,19.89,0.0,19.89,24.64,36.49,1167.287,0.0,1167.287,1.1673,1.945,/home/user/tesi/bitstreams_video/svtav1_ReadySteadyGo_LDP_crf51.ivf,SVT-AV1 p5,p5
svtav1,AV1,ShakeNDry,LDP,p5,crf=27,300,0,1,37.115,92.498,41.846,43.374,43.722,42.272,0.97069,0.99278,7.624,350.014,0.0,350.014,24.36,36.74,0.49,17.426,0.0,17.426,24.41,36.9,367.44,0.0,367.44,0.3674,1.225,/home/user/tesi/bitstreams_video/svtav1_ShakeNDry_LDP_crf27.ivf,SVT-AV1 p5,p5
svtav1,AV1,ShakeNDry,LDP,p5,crf=35,300,0,1,17.794,87.862,40.113,42.23,42.69,40.7,0.9591,0.98794,7.363,363.628,0.0,363.628,24.53,36.71,0.305,10.672,0.0,10.672,24.4,36.29,374.3,0.0,374.3,0.3743,1.248,/home/user/tesi/bitstreams_video/svtav1_ShakeNDry_LDP_crf35.ivf,SVT-AV1 p5,p5
svtav1,AV1,ShakeNDry,LDP,p5,crf=43,300,0,1,7.832,79.786,37.923,40.829,41.517,38.736,0.93844,0.97792,6.392,316.566,0.0,316.566,24.48,36.53,0.219,6.249,0.0,6.249,24.39,36.4,322.815,0.0,322.815,0.3228,1.076,/home/user/tesi/bitstreams_video/svtav1_ShakeNDry_LDP_crf43.ivf,SVT-AV1 p5,p5
svtav1,AV1,ShakeNDry,LDP,p5,crf=51,300,0,1,3.001,68.215,35.8,39.376,40.432,36.826,0.90967,0.96127,6.439,322.618,0.0,322.618,24.3,36.62,0.18,4.747,0.0,4.747,24.46,36.6,327.365,0.0,327.365,0.3274,1.091,/home/user/tesi/bitstreams_video/svtav1_ShakeNDry_LDP_crf51.ivf,SVT-AV1 p5,p5
svtav1,AV1,YachtRide,LDP,p5,crf=27,600,0,1,65.314,97.792,42.333,44.731,43.944,42.834,0.97735,0.99332,20.235,867.701,0.0,867.701,24.26,36.54,1.179,54.67,0.0,54.67,24.4,36.28,922.371,0.0,922.371,0.9224,1.537,/home/user/tesi/bitstreams_video/svtav1_YachtRide_LDP_crf27.ivf,SVT-AV1 p5,p5
svtav1,AV1,YachtRide,LDP,p5,crf=35,600,0,1,36.853,93.695,40.064,43.423,42.557,40.795,0.96581,0.98827,28.963,1322.529,0.0,1322.529,24.48,36.47,0.886,42.988,0.0,42.988,24.29,36.88,1365.517,0.0,1365.517,1.3655,2.276,/home/user/tesi/bitstreams_video/svtav1_YachtRide_LDP_crf35.ivf,SVT-AV1 p5,p5
svtav1,AV1,YachtRide,LDP,p5,crf=43,600,0,1,18.792,85.086,37.252,42.028,41.052,38.324,0.94344,0.97732,28.216,1296.854,0.0,1296.854,24.38,37.05,0.655,31.364,0.0,31.364,24.52,36.41,1328.218,0.0,1328.218,1.3282,2.214,/home/user/tesi/bitstreams_video/svtav1_YachtRide_LDP_crf43.ivf,SVT-AV1 p5,p5
svtav1,AV1,YachtRide,LDP,p5,crf=51,600,0,1,8.704,71.633,34.556,40.73,39.686,35.969,0.9095,0.9582,30.573,1401.382,0.0,1401.382,24.36,36.36,0.508,24.012,0.0,24.012,24.42,36.24,1425.394,0.0,1425.394,1.4254,2.376,/home/user/tesi/bitstreams_video/svtav1_YachtRide_LDP_crf51.ivf,SVT-AV1 p5,p5
dcvc_dc,DCVC-DC,Beauty,LDP,,q=0,600,1,0,1.371,72.641,38.211,39.051,41.246,38.696,0.89544,0.96985,216.257,4103.792,64583.846,68687.638,25.07,81.02,,,,,,,4103.792,64583.846,68687.638,68.6876,114.479,,DCVC-DC,none
dcvc_dc,DCVC-DC,Beauty,LDP,,q=1,600,1,0,1.395,72.918,38.237,39.056,41.253,38.716,0.89566,0.97001,216.305,4659.236,69968.407,74627.643,22.67,60.02,,,,,,,4659.236,69968.407,74627.643,74.6276,124.379,,DCVC-DC,none
dcvc_dc,DCVC-DC,Beauty,LDP,,q=2,600,1,0,1.421,73.201,38.267,39.064,41.263,38.741,0.89594,0.97022,216.323,4718.159,70870.082,75588.241,22.76,55.48,,,,,,,4718.159,70870.082,75588.241,75.5882,125.98,,DCVC-DC,none
dcvc_dc,DCVC-DC,Beauty,LDP,,q=3,600,1,0,1.447,73.563,38.296,39.072,41.28,38.766,0.89622,0.97041,216.009,4459.17,68724.969,73184.139,23.75,65.17,,,,,,,4459.17,68724.969,73184.139,73.1841,121.974,,DCVC-DC,none
dcvc_dc,DCVC-DC,Bosphorus,LDP,,q=0,600,1,0,1.66,77.058,38.372,44.255,44.012,39.813,0.93668,0.97237,226.273,4893.957,71828.746,76722.703,22.38,53.09,,,,,,,4893.957,71828.746,76722.703,76.7227,127.871,,DCVC-DC,none
dcvc_dc,DCVC-DC,Bosphorus,LDP,,q=1,600,1,0,1.697,77.427,38.46,44.323,44.059,39.893,0.9378,0.97309,216.311,4518.816,68597.954,73116.77,23.4,65.89,,,,,,,4518.816,68597.954,73116.77,73.1168,121.861,,DCVC-DC,none
dcvc_dc,DCVC-DC,Bosphorus,LDP,,q=2,600,1,0,1.734,77.773,38.521,44.379,44.107,39.952,0.9384,0.97344,216.275,4476.912,69054.11,73531.022,23.47,63.74,,,,,,,4476.912,69054.11,73531.022,73.531,122.552,,DCVC-DC,none
dcvc_dc,DCVC-DC,Bosphorus,LDP,,q=3,600,1,0,1.774,78.153,38.597,44.441,44.167,40.024,0.9393,0.97396,216.287,4612.429,69908.907,74521.336,22.81,59.69,,,,,,,4612.429,69908.907,74521.336,74.5213,124.202,,DCVC-DC,none
dcvc_dc,DCVC-DC,HoneyBee,LDP,,q=0,600,1,0,0.466,84.821,40.566,39.067,41.524,40.498,0.95795,0.98836,226.407,4759.242,70649.249,75408.491,22.94,58.4,,,,,,,4759.242,70649.249,75408.491,75.4085,125.681,,DCVC-DC,none
dcvc_dc,DCVC-DC,HoneyBee,LDP,,q=1,600,1,0,0.471,85.049,40.617,39.14,41.572,40.552,0.95827,0.9885,216.228,4879.063,71184.844,76063.907,22.02,54.4,,,,,,,4879.063,71184.844,76063.907,76.0639,126.773,,DCVC-DC,none
dcvc_dc,DCVC-DC,HoneyBee,LDP,,q=2,600,1,0,0.475,85.346,40.669,39.192,41.611,40.602,0.95855,0.98865,216.309,4386.177,68366.379,72752.556,24.0,67.41,,,,,,,4386.177,68366.379,72752.556,72.7526,121.254,,DCVC-DC,none
dcvc_dc,DCVC-DC,HoneyBee,LDP,,q=3,600,1,0,0.478,85.52,40.714,39.259,41.655,40.65,0.95881,0.98879,216.236,4652.401,69617.856,74270.257,22.8,61.41,,,,,,,4652.401,69617.856,74270.257,74.2703,123.784,,DCVC-DC,none
dcvc_dc,DCVC-DC,Jockey,LDP,,q=0,600,1,0,2.745,82.841,39.517,42.037,42.141,40.16,0.94273,0.97304,221.958,4688.3,70137.708,74826.008,22.95,60.1,,,,,,,4688.3,70137.708,74826.008,74.826,124.71,,DCVC-DC,none
dcvc_dc,DCVC-DC,Jockey,LDP,,q=1,600,1,0,2.787,83.191,39.577,42.094,42.185,40.217,0.94313,0.97342,216.408,4522.268,69381.93,73904.198,23.29,62.12,,,,,,,4522.268,69381.93,73904.198,73.9042,123.174,,DCVC-DC,none
dcvc_dc,DCVC-DC,Jockey,LDP,,q=2,600,1,0,2.834,83.595,39.643,42.133,42.23,40.277,0.94356,0.97387,216.372,4704.172,70446.233,75150.405,22.47,57.24,,,,,,,4704.172,70446.233,75150.405,75.1504,125.251,,DCVC-DC,none
dcvc_dc,DCVC-DC,Jockey,LDP,,q=3,600,1,0,2.878,83.919,39.704,42.177,42.275,40.335,0.94394,0.97427,216.396,4640.45,70986.493,75626.943,22.94,55.05,,,,,,,4640.45,70986.493,75626.943,75.6269,126.045,,DCVC-DC,none
dcvc_dc,DCVC-DC,ReadySteadyGo,LDP,,q=0,600,1,0,4.317,95.935,37.074,41.324,41.088,38.107,0.95035,0.98355,222.059,4769.059,71924.711,76693.77,22.71,51.88,,,,,,,4769.059,71924.711,76693.77,76.6938,127.823,,DCVC-DC,none
dcvc_dc,DCVC-DC,ReadySteadyGo,LDP,,q=1,600,1,0,4.389,96.163,37.164,41.387,41.132,38.188,0.95119,0.98389,216.283,4732.5,71240.016,75972.516,22.68,54.01,,,,,,,4732.5,71240.016,75972.516,75.9725,126.621,,DCVC-DC,none
dcvc_dc,DCVC-DC,ReadySteadyGo,LDP,,q=2,600,1,0,4.461,96.368,37.248,41.45,41.197,38.267,0.95192,0.98421,216.279,4506.517,68808.876,73315.393,23.41,64.69,,,,,,,4506.517,68808.876,73315.393,73.3154,122.192,,DCVC-DC,none
dcvc_dc,DCVC-DC,ReadySteadyGo,LDP,,q=3,600,1,0,4.537,96.564,37.342,41.5,41.24,38.349,0.95274,0.98456,216.321,4588.995,69282.407,73871.402,23.3,62.43,,,,,,,4588.995,69282.407,73871.402,73.8714,123.119,,DCVC-DC,none
dcvc_dc,DCVC-DC,ShakeNDry,LDP,,q=0,300,1,0,2.643,71.518,36.284,40.491,41.349,37.443,0.91385,0.9635,110.988,2418.059,35082.902,37500.961,22.55,58.97,,,,,,,2418.059,35082.902,37500.961,37.501,125.003,,DCVC-DC,none
dcvc_dc,DCVC-DC,ShakeNDry,LDP,,q=1,300,1,0,2.715,71.904,36.35,40.532,41.377,37.501,0.91488,0.96413,108.118,2107.327,32343.92,34451.247,25.08,83.88,,,,,,,2107.327,32343.92,34451.247,34.4512,114.837,,DCVC-DC,none
dcvc_dc,DCVC-DC,ShakeNDry,LDP,,q=2,300,1,0,2.803,72.311,36.424,40.582,41.401,37.566,0.916,0.9648,108.107,2144.332,32268.639,34412.971,24.81,84.89,,,,,,,2144.332,32268.639,34412.971,34.413,114.71,,DCVC-DC,none
dcvc_dc,DCVC-DC,ShakeNDry,LDP,,q=3,300,1,0,2.886,72.662,36.492,40.622,41.443,37.627,0.91703,0.96544,108.111,2121.483,32252.928,34374.411,24.89,84.52,,,,,,,2121.483,32252.928,34374.411,34.3744,114.581,,DCVC-DC,none
dcvc_dc,DCVC-DC,YachtRide,LDP,,q=0,600,1,0,6.059,75.477,35.437,43.157,42.18,37.245,0.91781,0.96166,222.13,4268.81,64990.175,69258.985,25.07,83.74,,,,,,,4268.81,64990.175,69258.985,69.259,115.432,,DCVC-DC,none
dcvc_dc,DCVC-DC,YachtRide,LDP,,q=1,600,1,0,6.199,75.909,35.523,43.199,42.23,37.321,0.91907,0.96242,216.298,4882.981,71431.961,76314.942,22.07,53.06,,,,,,,4882.981,71431.961,76314.942,76.3149,127.192,,DCVC-DC,none
dcvc_dc,DCVC-DC,YachtRide,LDP,,q=2,600,1,0,6.345,76.364,35.61,43.235,42.268,37.395,0.92029,0.96315,216.301,4632.322,69196.389,73828.711,23.01,63.27,,,,,,,4632.322,69196.389,73828.711,73.8287,123.048,,DCVC-DC,none
dcvc_dc,DCVC-DC,YachtRide,LDP,,q=3,600,1,0,6.495,76.8,35.7,43.289,42.322,37.476,0.92159,0.96394,216.327,4688.639,69918.464,74607.103,22.86,59.86,,,,,,,4688.639,69918.464,74607.103,74.6071,124.345,,DCVC-DC,none
dcvc_fm,DCVC-FM,Beauty,LDP,,q=0,600,1,0,0.11,18.923,31.927,36.587,38.403,33.319,0.84945,0.91075,179.522,3150.448,62931.842,66082.29,25.61,81.28,,,,,,,3150.448,62931.842,66082.29,66.0823,110.137,,DCVC-FM,none
dcvc_fm,DCVC-FM,Beauty,LDP,,q=21,600,1,0,0.341,50.155,35.873,38.614,40.52,36.797,0.87623,0.95189,179.376,3961.596,69185.206,73146.802,21.19,46.44,,,,,,,3961.596,69185.206,73146.802,73.1468,121.911,,DCVC-FM,none
dcvc_fm,DCVC-FM,Beauty,LDP,,q=42,600,1,0,1.267,74.26,38.294,39.156,41.405,38.79,0.89638,0.97064,179.574,3773.131,67112.33,70885.461,22.1,55.88,,,,,,,3773.131,67112.33,70885.461,70.8855,118.142,,DCVC-FM,none
dcvc_fm,DCVC-FM,Beauty,LDP,,q=63,600,1,0,5.001,87.72,39.505,39.396,41.793,39.777,0.9083,0.97818,179.356,3899.638,69114.801,73014.439,21.44,47.88,,,,,,,3899.638,69114.801,73014.439,73.0144,121.691,,DCVC-FM,none
dcvc_fm,DCVC-FM,Bosphorus,LDP,,q=0,600,1,0,0.096,25.132,29.666,39.555,37.184,31.842,0.79914,0.83125,189.925,3833.205,67573.056,71406.261,22.54,58.7,,,,,,,3833.205,67573.056,71406.261,71.4063,119.01,,DCVC-FM,none
dcvc_fm,DCVC-FM,Bosphorus,LDP,,q=21,600,1,0,0.341,53.002,34.239,42.954,41.959,36.294,0.87698,0.92868,179.454,3944.294,68439.678,72383.972,21.14,47.76,,,,,,,3944.294,68439.678,72383.972,72.384,120.64,,DCVC-FM,none
dcvc_fm,DCVC-FM,Bosphorus,LDP,,q=42,600,1,0,1.619,79.357,38.737,45.887,45.235,40.443,0.94152,0.97553,179.532,3731.133,67001.591,70732.724,22.34,55.83,,,,,,,3731.133,67001.591,70732.724,70.7327,117.888,,DCVC-FM,none
dcvc_fm,DCVC-FM,Bosphorus,LDP,,q=63,600,1,0,7.47,92.842,43.063,47.988,47.334,44.212,0.97383,0.9918,179.658,3878.579,68486.788,72365.367,21.55,50.26,,,,,,,3878.579,68486.788,72365.367,72.3654,120.609,,DCVC-FM,none
dcvc_fm,DCVC-FM,HoneyBee,LDP,,q=0,600,1,0,0.092,38.573,33.039,33.812,37.934,33.748,0.88544,0.93673,190.078,3860.722,68014.032,71874.754,22.32,56.91,,,,,,,3860.722,68014.032,71874.754,71.8748,119.791,,DCVC-FM,none
dcvc_fm,DCVC-FM,HoneyBee,LDP,,q=21,600,1,0,0.163,69.479,37.451,38.407,40.664,37.972,0.94005,0.97744,179.924,3746.513,66689.668,70436.181,22.17,55.32,,,,,,,3746.513,66689.668,70436.181,70.4362,117.394,,DCVC-FM,none
dcvc_fm,DCVC-FM,HoneyBee,LDP,,q=42,600,1,0,0.404,87.165,41.054,41.899,42.795,41.377,0.96141,0.98977,179.67,3731.624,68624.718,72356.342,22.34,56.31,,,,,,,3731.624,68624.718,72356.342,72.3563,120.594,,DCVC-FM,none
dcvc_fm,DCVC-FM,HoneyBee,LDP,,q=63,600,1,0,1.641,93.275,42.903,44.088,44.261,43.221,0.96935,0.99352,179.524,3631.313,65641.04,69272.353,22.87,64.17,,,,,,,3631.313,65641.04,69272.353,69.2724,115.454,,DCVC-FM,none
dcvc_fm,DCVC-FM,Jockey,LDP,,q=0,600,1,0,0.321,30.421,29.806,33.555,34.061,30.806,0.87384,0.86957,185.576,3817.505,67922.226,71739.731,22.15,55.93,,,,,,,3817.505,67922.226,71739.731,71.7397,119.566,,DCVC-FM,none
dcvc_fm,DCVC-FM,Jockey,LDP,,q=21,600,1,0,0.974,55.885,34.897,39.406,39.31,36.013,0.91169,0.93046,180.033,3806.456,68935.173,72741.629,21.97,48.18,,,,,,,3806.456,68935.173,72741.629,72.7416,121.236,,DCVC-FM,none
dcvc_fm,DCVC-FM,Jockey,LDP,,q=42,600,1,0,3.108,81.602,39.332,42.705,42.577,40.159,0.9414,0.9712,180.038,3795.308,68747.615,72542.923,22.0,50.2,,,,,,,3795.308,68747.615,72542.923,72.5429,120.905,,DCVC-FM,none
dcvc_fm,DCVC-FM,Jockey,LDP,,q=63,600,1,0,9.634,96.265,42.551,44.798,44.476,43.073,0.9607,0.98828,179.579,3921.728,68934.434,72856.162,21.23,48.52,,,,,,,3921.728,68934.434,72856.162,72.8562,121.427,,DCVC-FM,none
dcvc_fm,DCVC-FM,ReadySteadyGo,LDP,,q=0,600,1,0,0.376,35.271,26.233,34.349,34.97,28.339,0.76183,0.836,185.647,3903.496,68527.401,72430.897,21.91,52.58,,,,,,,3903.496,68527.401,72430.897,72.4309,120.718,,DCVC-FM,none
dcvc_fm,DCVC-FM,ReadySteadyGo,LDP,,q=21,600,1,0,1.324,70.278,31.593,39.191,39.232,33.498,0.87668,0.94238,180.01,3541.274,66756.18,70297.454,23.34,61.0,,,,,,,3541.274,66756.18,70297.454,70.2975,117.162,,DCVC-FM,none
dcvc_fm,DCVC-FM,ReadySteadyGo,LDP,,q=42,600,1,0,4.464,96.545,37.214,43.15,42.556,38.624,0.9516,0.98422,180.014,3805.711,68948.119,72753.83,21.92,48.56,,,,,,,3805.711,68948.119,72753.83,72.7538,121.256,,DCVC-FM,none
dcvc_fm,DCVC-FM,ReadySteadyGo,LDP,,q=63,600,1,0,13.456,99.938,42.285,45.787,44.917,43.052,0.98029,0.99521,179.527,3848.139,68622.908,72471.047,21.77,48.21,,,,,,,3848.139,68622.908,72471.047,72.471,120.785,,DCVC-FM,none
dcvc_fm,DCVC-FM,ShakeNDry,LDP,,q=0,300,1,0,0.135,19.1,28.679,37.02,38.198,30.912,0.7302,0.81966,92.674,1874.411,33788.505,35662.916,22.63,57.22,,,,,,,1874.411,33788.505,35662.916,35.6629,118.876,,DCVC-FM,none
dcvc_fm,DCVC-FM,ShakeNDry,LDP,,q=21,300,1,0,0.435,49.123,32.932,39.766,40.871,34.778,0.85467,0.92285,89.68,1595.238,31081.963,32677.201,25.29,83.41,,,,,,,1595.238,31081.963,32677.201,32.6772,108.924,,DCVC-FM,none
dcvc_fm,DCVC-FM,ShakeNDry,LDP,,q=42,300,1,0,2.446,72.977,36.434,41.849,42.36,37.852,0.91653,0.96439,89.896,1625.39,31013.935,32639.325,25.03,83.27,,,,,,,1625.39,31013.935,32639.325,32.6393,108.798,,DCVC-FM,none
dcvc_fm,DCVC-FM,ShakeNDry,LDP,,q=63,300,1,0,14.694,89.976,40.657,43.675,43.803,41.428,0.96252,0.98932,89.62,1611.531,31351.434,32962.965,25.01,83.07,,,,,,,1611.531,31351.434,32962.965,32.963,109.877,,DCVC-FM,none
dcvc_fm,DCVC-FM,YachtRide,LDP,,q=0,600,1,0,0.178,23.385,26.838,38.197,35.923,29.394,0.73325,0.7785,185.362,3228.703,62768.19,65996.893,25.42,83.32,,,,,,,3228.703,62768.19,65996.893,65.9969,109.995,,DCVC-FM,none
dcvc_fm,DCVC-FM,YachtRide,LDP,,q=21,600,1,0,1.014,45.111,30.5,41.709,40.233,33.118,0.81822,0.88834,179.425,3833.353,68765.501,72598.854,21.62,50.22,,,,,,,3833.353,68765.501,72598.854,72.5989,120.998,,DCVC-FM,none
dcvc_fm,DCVC-FM,YachtRide,LDP,,q=42,600,1,0,5.884,76.536,35.481,44.825,43.606,37.665,0.91914,0.96338,179.412,3659.164,66815.457,70474.621,22.62,60.06,,,,,,,3659.164,66815.457,70474.621,70.4746,117.458,,DCVC-FM,none
dcvc_fm,DCVC-FM,YachtRide,LDP,,q=63,600,1,0,22.914,95.439,41.105,47.057,45.839,42.441,0.97132,0.99038,179.975,3604.602,68377.48,71982.082,23.05,54.58,,,,,,,3604.602,68377.48,71982.082,71.9821,119.97,,DCVC-FM,none
dcvc_rt,DCVC-RT (forward),Beauty,LDP,,q=0,600,1,0,0.147,31.378,33.701,38.719,39.823,35.093,0.86039,0.93047,32.382,638.335,7597.993,8236.328,25.17,79.22,,,,,,,638.335,7597.993,8236.328,8.2363,13.727,,DCVC-RT,none
dcvc_rt,DCVC-RT (forward),Beauty,LDP,,q=21,600,1,0,0.455,57.306,36.697,39.141,41.247,37.571,0.88266,0.95917,32.201,727.31,8558.977,9286.287,22.28,51.65,,,,,,,727.31,8558.977,9286.287,9.2863,15.477,,DCVC-RT,none
dcvc_rt,DCVC-RT (forward),Beauty,LDP,,q=42,600,1,0,1.556,76.775,38.599,39.322,41.665,39.072,0.89964,0.973,32.283,733.795,8668.502,9402.297,22.04,50.57,,,,,,,733.795,8668.502,9402.297,9.4023,15.67,,DCVC-RT,none
dcvc_rt,DCVC-RT (forward),Beauty,LDP,,q=63,600,1,0,5.818,87.924,39.585,39.446,41.882,39.855,0.90935,0.97877,32.206,738.789,8814.018,9552.807,21.84,47.7,,,,,,,738.789,8814.018,9552.807,9.5528,15.921,,DCVC-RT,none
dcvc_rt,DCVC-RT (forward),Bosphorus,LDP,,q=0,600,1,0,0.156,37.418,31.614,41.752,40.776,34.026,0.82632,0.87626,32.546,725.5,8412.803,9138.303,23.27,60.66,,,,,,,725.5,8412.803,9138.303,9.1383,15.231,,DCVC-RT,none
dcvc_rt,DCVC-RT (forward),Bosphorus,LDP,,q=21,600,1,0,0.717,66.357,36.388,45.042,44.535,38.488,0.91363,0.95855,32.333,723.348,8719.538,9442.886,22.44,53.57,,,,,,,723.348,8719.538,9442.886,9.4429,15.738,,DCVC-RT,none
dcvc_rt,DCVC-RT (forward),Bosphorus,LDP,,q=42,600,1,0,2.88,84.866,40.291,47.213,46.582,41.942,0.95784,0.98455,32.227,753.737,8929.731,9683.468,22.0,48.01,,,,,,,753.737,8929.731,9683.468,9.6835,16.139,,DCVC-RT,none
dcvc_rt,DCVC-RT (forward),Bosphorus,LDP,,q=63,600,1,0,10.089,93.689,43.709,48.765,47.917,44.867,0.9772,0.99328,32.291,685.613,8475.678,9161.291,23.7,62.81,,,,,,,685.613,8475.678,9161.291,9.1613,15.269,,DCVC-RT,none
dcvc_rt,DCVC-RT (forward),HoneyBee,LDP,,q=0,600,1,0,0.124,54.32,34.794,36.026,39.468,35.532,0.91026,0.95815,32.514,749.086,8661.572,9410.658,22.52,57.92,,,,,,,749.086,8661.572,9410.658,9.4107,15.684,,DCVC-RT,none
dcvc_rt,DCVC-RT (forward),HoneyBee,LDP,,q=21,600,1,0,0.313,82.39,39.865,40.608,42.153,40.244,0.9549,0.9866,32.335,705.62,8750.956,9456.576,22.95,55.28,,,,,,,705.62,8750.956,9456.576,9.4566,15.761,,DCVC-RT,none
dcvc_rt,DCVC-RT (forward),HoneyBee,LDP,,q=42,600,1,0,0.893,91.394,42.268,43.385,43.76,42.594,0.96685,0.99251,32.316,721.318,8896.476,9617.794,22.53,52.74,,,,,,,721.318,8896.476,9617.794,9.6178,16.03,,DCVC-RT,none
dcvc_rt,DCVC-RT (forward),HoneyBee,LDP,,q=63,600,1,0,2.959,93.676,43.159,44.585,44.526,43.508,0.97037,0.99398,32.288,694.488,8619.993,9314.481,23.42,61.14,,,,,,,694.488,8619.993,9314.481,9.3145,15.524,,DCVC-RT,none
dcvc_rt,DCVC-RT (forward),Jockey,LDP,,q=0,600,1,0,0.349,38.658,31.565,37.736,37.192,33.04,0.88668,0.89475,32.604,737.019,8681.689,9418.708,22.96,58.41,,,,,,,737.019,8681.689,9418.708,9.4187,15.698,,DCVC-RT,none
dcvc_rt,DCVC-RT (forward),Jockey,LDP,,q=21,600,1,0,1.044,61.129,36.007,41.02,40.631,37.212,0.92066,0.94517,32.291,737.786,8892.359,9630.145,22.02,52.41,,,,,,,737.786,8892.359,9630.145,9.6301,16.05,,DCVC-RT,none
dcvc_rt,DCVC-RT (forward),Jockey,LDP,,q=42,600,1,0,3.328,85.525,40.014,43.31,42.983,40.797,0.94699,0.9775,32.249,750.543,9014.948,9765.491,21.67,48.75,,,,,,,750.543,9014.948,9765.491,9.7655,16.276,,DCVC-RT,none
dcvc_rt,DCVC-RT (forward),Jockey,LDP,,q=63,600,1,0,10.569,96.463,42.755,44.965,44.492,43.248,0.96239,0.98937,32.27,701.15,8591.131,9292.281,23.32,61.32,,,,,,,701.15,8591.131,9292.281,9.2923,15.487,,DCVC-RT,none
dcvc_rt,DCVC-RT (forward),ReadySteadyGo,LDP,,q=0,600,1,0,0.555,43.984,27.63,36.912,37.046,29.968,0.79452,0.87651,32.545,736.162,8685.318,9421.48,23.14,58.93,,,,,,,736.162,8685.318,9421.48,9.4215,15.702,,DCVC-RT,none
dcvc_rt,DCVC-RT (forward),ReadySteadyGo,LDP,,q=21,600,1,0,2.012,76.059,32.796,40.46,40.178,34.677,0.89995,0.95781,32.182,756.69,8883.62,9640.31,22.11,52.12,,,,,,,756.69,8883.62,9640.31,9.6403,16.067,,DCVC-RT,none
dcvc_rt,DCVC-RT (forward),ReadySteadyGo,LDP,,q=42,600,1,0,6.572,96.951,37.684,43.372,42.597,39.009,0.95731,0.98665,32.259,728.678,8990.101,9718.779,22.6,49.24,,,,,,,728.678,8990.101,9718.779,9.7188,16.198,,DCVC-RT,none
dcvc_rt,DCVC-RT (forward),ReadySteadyGo,LDP,,q=63,600,1,0,20.345,99.934,41.988,45.6,44.552,42.76,0.97991,0.99513,32.319,685.925,8639.225,9325.15,23.81,60.6,,,,,,,685.925,8639.225,9325.15,9.3251,15.542,,DCVC-RT,none
dcvc_rt,DCVC-RT (forward),ShakeNDry,LDP,,q=0,300,1,0,0.254,34.755,30.978,38.726,39.944,33.067,0.80545,0.88827,16.379,284.746,4338.815,4623.561,28.54,58.56,,,,,,,284.746,4338.815,4623.561,4.6236,15.412,,DCVC-RT,none
dcvc_rt,DCVC-RT (forward),ShakeNDry,LDP,,q=21,300,1,0,0.818,59.684,34.386,41.122,41.766,36.15,0.88607,0.9414,16.146,327.569,3944.197,4271.766,25.02,81.86,,,,,,,327.569,3944.197,4271.766,4.2718,14.239,,DCVC-RT,none
dcvc_rt,DCVC-RT (forward),ShakeNDry,LDP,,q=42,300,1,0,3.782,77.192,37.333,42.856,43.084,38.742,0.92976,0.9718,16.165,321.444,3974.551,4295.995,25.11,81.92,,,,,,,321.444,3974.551,4295.995,4.296,14.32,,DCVC-RT,none
dcvc_rt,DCVC-RT (forward),ShakeNDry,LDP,,q=63,300,1,0,18.02,90.389,41.042,44.068,44.027,41.793,0.96555,0.99046,16.169,324.134,3992.595,4316.729,25.14,82.03,,,,,,,324.134,3992.595,4316.729,4.3167,14.389,,DCVC-RT,none
dcvc_rt,DCVC-RT (forward),YachtRide,LDP,,q=0,600,1,0,0.269,29.096,27.98,40.403,38.762,30.88,0.75443,0.81783,32.483,683.738,7884.115,8567.853,25.02,81.81,,,,,,,683.738,7884.115,8567.853,8.5679,14.28,,DCVC-RT,none
dcvc_rt,DCVC-RT (forward),YachtRide,LDP,,q=21,600,1,0,1.676,53.972,31.803,43.175,41.821,34.477,0.85431,0.9207,32.309,692.554,8497.193,9189.747,23.63,63.97,,,,,,,692.554,8497.193,9189.747,9.1897,15.316,,DCVC-RT,none
dcvc_rt,DCVC-RT (forward),YachtRide,LDP,,q=42,600,1,0,7.777,80.564,36.388,45.518,44.269,38.514,0.93578,0.97321,32.216,711.736,8651.327,9363.063,23.36,59.76,,,,,,,711.736,8651.327,9363.063,9.3631,15.605,,DCVC-RT,none
dcvc_rt,DCVC-RT (forward),YachtRide,LDP,,q=63,600,1,0,26.528,95.575,41.36,47.394,46.14,42.712,0.97394,0.99158,32.209,725.445,8761.82,9487.265,22.84,56.14,,,,,,,725.445,8761.82,9487.265,9.4873,15.812,,DCVC-RT,none
dcvc_rt_cuda,DCVC-RT (CUDA),Beauty,LDP,,q=0,600,1,1,0.15,31.227,33.693,38.72,39.799,35.084,0.86031,0.93044,19.434,395.741,2686.448,3082.189,26.12,81.29,6.847,122.863,3131.073,3253.936,25.2,80.9,518.604,5817.521,6336.125,6.3361,10.56,,DCVC-RT-CUDA,none
dcvc_rt_cuda,DCVC-RT (CUDA),Beauty,LDP,,q=21,600,1,1,0.459,57.315,36.696,39.14,41.243,37.57,0.88268,0.95917,19.038,434.962,3157.749,3592.711,23.2,58.74,6.86,122.982,3165.081,3288.063,25.18,81.19,557.944,6322.83,6880.774,6.8808,11.468,,DCVC-RT-CUDA,none
dcvc_rt_cuda,DCVC-RT (CUDA),Beauty,LDP,,q=42,600,1,1,1.56,76.779,38.598,39.322,41.666,39.072,0.89961,0.97299,19.148,444.5,3253.437,3697.937,22.9,54.26,6.866,121.151,3176.571,3297.722,25.23,81.27,565.651,6430.008,6995.659,6.9957,11.659,,DCVC-RT-CUDA,none
dcvc_rt_cuda,DCVC-RT (CUDA),Beauty,LDP,,q=63,600,1,1,5.825,87.93,39.585,39.447,41.882,39.855,0.90935,0.97877,19.237,462.352,3382.628,3844.98,22.08,48.56,6.918,125.883,3168.57,3294.453,24.97,81.55,588.235,6551.198,7139.433,7.1394,11.899,,DCVC-RT-CUDA,none
dcvc_rt_cuda,DCVC-RT (CUDA),Bosphorus,LDP,,q=0,600,1,1,0.159,37.42,31.609,41.761,40.754,34.021,0.82634,0.87666,19.21,439.289,3238.32,3677.609,23.26,54.94,6.864,124.107,3175.681,3299.788,25.06,81.6,563.396,6414.001,6977.397,6.9774,11.629,,DCVC-RT-CUDA,none
dcvc_rt_cuda,DCVC-RT (CUDA),Bosphorus,LDP,,q=21,600,1,1,0.721,66.29,36.389,45.056,44.527,38.49,0.91368,0.95856,19.188,441.276,3100.678,3541.954,23.09,62.46,6.872,124.973,3188.526,3313.499,24.94,81.51,566.249,6289.204,6855.453,6.8555,11.426,,DCVC-RT-CUDA,none
dcvc_rt_cuda,DCVC-RT (CUDA),Bosphorus,LDP,,q=42,600,1,1,2.882,84.892,40.29,47.223,46.584,41.943,0.95784,0.98455,19.149,454.07,3293.963,3748.033,22.42,53.73,6.879,125.711,3202.229,3327.94,25.08,81.71,579.781,6496.192,7075.973,7.076,11.793,,DCVC-RT-CUDA,none
dcvc_rt_cuda,DCVC-RT (CUDA),Bosphorus,LDP,,q=63,600,1,1,10.097,93.69,43.709,48.765,47.917,44.867,0.9772,0.99328,19.18,464.691,3424.221,3888.912,21.97,47.77,6.934,126.437,3197.963,3324.4,25.03,81.76,591.128,6622.184,7213.312,7.2133,12.022,,DCVC-RT-CUDA,none
dcvc_rt_cuda,DCVC-RT (CUDA),HoneyBee,LDP,,q=0,600,1,1,0.126,54.093,34.77,36.006,39.484,35.514,0.91,0.95792,19.161,446.454,3257.844,3704.298,22.98,56.18,6.871,124.08,3218.767,3342.847,25.19,81.52,570.534,6476.611,7047.145,7.0471,11.745,,DCVC-RT-CUDA,none
dcvc_rt_cuda,DCVC-RT (CUDA),HoneyBee,LDP,,q=21,600,1,1,0.315,82.283,39.865,40.608,42.154,40.244,0.95489,0.98661,19.201,434.564,3100.184,3534.748,23.98,65.27,6.876,123.569,3242.673,3366.242,25.19,81.92,558.133,6342.857,6900.99,6.901,11.502,,DCVC-RT-CUDA,none
dcvc_rt_cuda,DCVC-RT (CUDA),HoneyBee,LDP,,q=42,600,1,1,0.898,91.4,42.271,43.387,43.758,42.596,0.96686,0.99251,19.16,443.837,3244.082,3687.919,23.25,58.19,6.875,124.791,3199.763,3324.554,25.08,81.78,568.628,6443.845,7012.473,7.0125,11.687,,DCVC-RT-CUDA,none
dcvc_rt_cuda,DCVC-RT (CUDA),HoneyBee,LDP,,q=63,600,1,1,2.966,93.682,43.159,44.584,44.528,43.508,0.97037,0.99398,19.116,443.402,3147.34,3590.742,23.53,63.78,6.897,125.208,3247.503,3372.711,25.12,81.56,568.61,6394.843,6963.453,6.9635,11.606,,DCVC-RT-CUDA,none
dcvc_rt_cuda,DCVC-RT (CUDA),Jockey,LDP,,q=0,600,1,1,0.352,38.732,31.56,37.751,37.195,33.038,0.88665,0.89451,19.148,447.035,3256.7,3703.735,22.8,56.42,6.871,122.512,3181.214,3303.726,25.35,81.36,569.547,6437.914,7007.461,7.0075,11.679,,DCVC-RT-CUDA,none
dcvc_rt_cuda,DCVC-RT (CUDA),Jockey,LDP,,q=21,600,1,1,1.049,61.137,36.007,41.012,40.634,37.211,0.92065,0.94511,19.088,468.625,3381.926,3850.551,22.06,49.38,6.871,124.321,3220.326,3344.647,25.13,81.82,592.946,6602.252,7195.198,7.1952,11.992,,DCVC-RT-CUDA,none
dcvc_rt_cuda,DCVC-RT (CUDA),Jockey,LDP,,q=42,600,1,1,3.33,85.512,40.014,43.309,42.984,40.797,0.94698,0.97749,19.189,450.685,3227.717,3678.402,22.85,57.86,6.877,124.999,3211.117,3336.116,25.16,81.78,575.684,6438.834,7014.518,7.0145,11.691,,DCVC-RT-CUDA,none
dcvc_rt_cuda,DCVC-RT (CUDA),Jockey,LDP,,q=63,600,1,1,10.574,96.462,42.755,44.966,44.491,43.248,0.96239,0.98937,19.15,433.421,3119.591,3553.012,23.98,63.77,7.064,125.837,3223.861,3349.698,25.13,81.96,559.258,6343.452,6902.71,6.9027,11.505,,DCVC-RT-CUDA,none
dcvc_rt_cuda,DCVC-RT (CUDA),ReadySteadyGo,LDP,,q=0,600,1,1,0.56,44.015,27.633,36.91,37.02,29.966,0.79455,0.87649,19.182,445.195,3290.481,3735.676,22.92,54.64,6.882,124.276,3208.096,3332.372,25.14,81.86,569.471,6498.577,7068.048,7.068,11.78,,DCVC-RT-CUDA,none
dcvc_rt_cuda,DCVC-RT (CUDA),ReadySteadyGo,LDP,,q=21,600,1,1,2.017,76.053,32.793,40.46,40.171,34.674,0.89983,0.95773,19.173,450.175,3207.975,3658.15,22.79,59.79,6.866,126.581,3221.54,3348.121,24.96,81.71,576.756,6429.515,7006.271,7.0063,11.677,,DCVC-RT-CUDA,none
dcvc_rt_cuda,DCVC-RT (CUDA),ReadySteadyGo,LDP,,q=42,600,1,1,6.575,96.954,37.682,43.375,42.601,39.009,0.95728,0.98664,19.241,463.093,3353.473,3816.566,22.2,52.59,6.943,125.366,3208.715,3334.081,25.12,81.79,588.459,6562.188,7150.647,7.1506,11.918,,DCVC-RT-CUDA,none
dcvc_rt_cuda,DCVC-RT (CUDA),ReadySteadyGo,LDP,,q=63,600,1,1,20.352,99.935,41.988,45.598,44.552,42.76,0.97991,0.99513,19.186,454.35,3187.639,3641.989,23.11,59.88,7.186,129.437,3220.364,3349.801,25.21,81.76,583.787,6408.003,6991.79,6.9918,11.653,,DCVC-RT-CUDA,none
dcvc_rt_cuda,DCVC-RT (CUDA),ShakeNDry,LDP,,q=0,300,1,1,0.258,34.626,30.983,38.733,39.949,33.072,0.80542,0.88813,9.698,231.486,1711.262,1942.748,22.04,48.27,3.452,61.42,1604.169,1665.589,25.16,81.63,292.906,3315.431,3608.337,3.6083,12.028,,DCVC-RT-CUDA,none
dcvc_rt_cuda,DCVC-RT (CUDA),ShakeNDry,LDP,,q=21,300,1,1,0.82,59.68,34.378,41.122,41.76,36.144,0.88588,0.94127,9.568,205.53,1391.131,1596.661,25.14,81.7,3.462,61.836,1582.876,1644.712,24.96,81.51,267.366,2974.007,3241.373,3.2414,10.805,,DCVC-RT-CUDA,none
dcvc_rt_cuda,DCVC-RT (CUDA),ShakeNDry,LDP,,q=42,300,1,1,3.786,77.21,37.335,42.858,43.088,38.745,0.92976,0.9718,9.606,202.731,1389.623,1592.354,25.31,81.82,3.462,62.781,1606.721,1669.502,24.96,81.95,265.512,2996.344,3261.856,3.2619,10.873,,DCVC-RT-CUDA,none
dcvc_rt_cuda,DCVC-RT (CUDA),ShakeNDry,LDP,,q=63,300,1,1,18.026,90.375,41.042,44.067,44.028,41.793,0.96555,0.99046,9.696,200.595,1404.378,1604.973,25.32,81.6,3.564,62.634,1578.014,1640.648,25.36,81.85,263.229,2982.392,3245.621,3.2456,10.819,,DCVC-RT-CUDA,none
dcvc_rt_cuda,DCVC-RT (CUDA),YachtRide,LDP,,q=0,600,1,1,0.273,29.168,27.974,40.409,38.757,30.876,0.75442,0.81769,19.198,405.679,2756.524,3162.203,25.18,81.7,6.868,124.457,3172.974,3297.431,25.14,81.65,530.136,5929.498,6459.634,6.4596,10.766,,DCVC-RT-CUDA,none
dcvc_rt_cuda,DCVC-RT (CUDA),YachtRide,LDP,,q=21,600,1,1,1.681,53.969,31.804,43.182,41.829,34.479,0.85425,0.9206,19.093,444.826,3223.938,3668.764,23.26,58.51,6.876,119.416,3186.4,3305.816,25.9,81.72,564.242,6410.338,6974.58,6.9746,11.624,,DCVC-RT-CUDA,none
dcvc_rt_cuda,DCVC-RT (CUDA),YachtRide,LDP,,q=42,600,1,1,7.776,80.541,36.387,45.517,44.265,38.513,0.93576,0.9732,19.238,459.06,3329.097,3788.157,22.35,53.88,6.934,124.411,3213.432,3337.843,25.2,81.89,583.471,6542.529,7126.0,7.126,11.877,,DCVC-RT-CUDA,none
dcvc_rt_cuda,DCVC-RT (CUDA),YachtRide,LDP,,q=63,600,1,1,26.537,95.577,41.361,47.393,46.14,42.712,0.97394,0.99159,19.254,446.495,3187.317,3633.812,23.26,59.52,7.223,133.056,3240.021,3373.077,25.03,81.62,579.551,6427.338,7006.889,7.0069,11.678,,DCVC-RT-CUDA,none
