codec,param,image,bpp,file_bytes,time_encode_ms,time_decode_ms,time_total_ms,cpu_energy_j,cpu_energy_net_j
JPEG,q=30,kodim01.png,0.9223225911458334,45334,0.6986340000594282,0.8911129999660261,1.5897470000254543,0.063412,0.022646507166362274
JPEG,q=30,kodim02.png,0.4752197265625,23358,0.6357810000281461,0.5850779999718725,1.2208590000000186,0.033903,0.002596811773454527
JPEG,q=30,kodim03.png,0.447998046875,22020,0.6192899999177826,0.5717270000786812,1.1910169999964637,0.029951,-0.0005899571317443224
JPEG,q=30,kodim04.png,0.5365193684895834,26371,0.6562720000147237,0.6128089999037911,1.2690809999185149,0.066205,0.0336622668439345
JPEG,q=30,kodim05.png,1.036865234375,50964,0.7194849999905273,0.800327999968431,1.5198129999589582,0.03401,-0.004962192403762576
JPEG,q=30,kodim06.png,0.7397664388020834,36361,0.6658319999814921,0.6770819999246669,1.342913999906159,0.06593,0.031493985314336344
JPEG,q=30,kodim07.png,0.5688680013020834,27961,0.6383609999147666,0.6288900000299691,1.2672509999447357,0.031614,-0.0008818069150878655
JPEG,q=30,kodim08.png,1.0419921875,51216,0.7196039999826098,0.7936880000443125,1.5132920000269223,0.030318,-0.008486976000150363
JPEG,q=30,kodim09.png,0.4718424479166667,23192,0.5975779999971564,0.5813179999449858,1.1788959999421422,0.034147,0.00391685870300363
JPEG,q=30,kodim10.png,0.5115966796875,25146,0.6305599999905098,0.5840680000801513,1.214628000070661,0.030974,-0.0001724082219519453
JPEG,q=30,kodim11.png,0.6707560221354166,32969,0.6521210000300925,0.6632619999891176,1.3153830000192102,0.032225,-0.001505044000657603
JPEG,q=30,kodim12.png,0.4728597005208333,23242,0.6141000000070562,0.5670970000437592,1.1811970000508154,0.035429,0.005139854720961953
JPEG,q=30,kodim13.png,1.1055094401041667,54338,0.6875430000263805,0.771096999983456,1.4586400000098365,0.028274,-0.009129548153452238
JPEG,q=30,kodim14.png,0.8267618815104166,40637,0.6439210000053208,0.6525410000222109,1.2964620000275318,0.064435,0.031190142566484017
JPEG,q=30,kodim15.png,0.4991251627604167,24533,0.5436760000065988,0.518875000011576,1.0625510000181748,0.032347,0.005100265031528946
JPEG,q=30,kodim16.png,0.5585530598958334,27454,0.5359159999898111,0.5112750000080268,1.047190999997838,0.031584,0.00473113774885044
JPEG,q=30,kodim17.png,0.5628662109375,27666,0.5213450000383091,0.5299359999071385,1.0512809999454475,0.042142,0.015184258882243874
JPEG,q=30,kodim18.png,0.7958780924479166,39119,0.5466960000148902,0.5547369999021612,1.1014329999170513,0.086925,0.05868122343421203
JPEG,q=30,kodim19.png,0.6289469401041666,30914,0.5125050000742704,0.5464859999619875,1.058991000036258,0.038801,0.01164555323886525
JPEG,q=30,kodim20.png,0.4676310221354167,22985,0.46061199998348457,0.41069999997489504,0.8713119999583796,0.0,-0.022342840143492738
JPEG,q=30,kodim21.png,0.6465047200520834,31777,0.4962140000088766,0.5051040000125795,1.001318000021456,0.039107,0.013430447848359808
JPEG,q=30,kodim22.png,0.6350504557291666,31214,0.5170649999399757,0.5067540000709414,1.023819000010917,0.037366,0.011112460218375059
JPEG,q=30,kodim23.png,0.4195149739583333,20620,0.48342299999148963,0.44750199992904527,0.9309249999205349,0.038175,0.014303518303662704
JPEG,q=30,kodim24.png,0.7920735677083334,38932,0.5344049999393974,0.5422060000910278,1.0766110000304252,0.037855,0.010247727895914813
JPEG,q=60,kodim01.png,1.4354654947916667,70556,0.6211800000528456,0.741616000027534,1.3627960000803796,0.048322,0.013376156054958843
JPEG,q=60,kodim02.png,0.81182861328125,39903,0.5570670000452083,0.5701279999357212,1.1271949999809294,0.103159,0.07425461477826402
JPEG,q=60,kodim03.png,0.7017822265625,34494,0.5258159999357304,0.5393060000642436,1.065121999999974,0.04051,0.013197337508890666
JPEG,q=60,kodim04.png,0.8688761393229166,42707,0.5576070000188338,0.5771979999735777,1.1348049999924115,0.038145,0.009045473412419586
JPEG,q=60,kodim05.png,1.5951131184895833,78403,0.6333909999511889,0.7858870000063689,1.4192779999575578,0.090892,0.05449780197019834
JPEG,q=60,kodim06.png,1.1597493489583333,57004,0.5781379999234559,0.6483419999767648,1.2264799999002207,0.048749,0.017298673850158618
JPEG,q=60,kodim07.png,0.8568115234375,42114,0.547976000007111,0.5711779999728606,1.1191539999799716,0.038862,0.010163808171243585
JPEG,q=60,kodim08.png,1.6001993815104167,78653,0.6272599999874728,0.7649870000250303,1.3922470000125031,0.038267,0.0025659512791943867
JPEG,q=60,kodim09.png,0.71136474609375,34965,0.5181450000009136,0.5552569999736079,1.0734019999745215,0.035535,0.008010015498143334
JPEG,q=60,kodim10.png,0.7967732747395834,39163,0.541936000104215,0.5525769998939722,1.0945129999981873,0.038298,0.010231671296731481
JPEG,q=60,kodim11.png,1.0685017903645833,52519,0.5787879999843426,0.6351709999989907,1.2139589999833333,0.080654,0.04952474678338238
JPEG,q=60,kodim12.png,0.7603963216145834,37375,0.5304159999468538,0.542966000011802,1.0733819999586558,0.037932,0.010407528353650178
JPEG,q=60,kodim13.png,1.7605997721354167,86537,0.6462110000029497,0.7925889999569335,1.4387999999598833,0.038267,0.0013722041070287072
JPEG,q=60,kodim14.png,1.3122151692708333,64498,0.5945090000523123,0.6798629999593686,1.274372000011681,0.086498,0.05381959102484047
JPEG,q=60,kodim15.png,0.7977091471354166,39209,0.5368659999476222,0.554106999970827,1.0909729999184492,0.03491,0.006934446651476182
JPEG,q=60,kodim16.png,0.8842569986979166,43463,0.5417460000671781,0.5904589999090604,1.1322049999762385,0.037901,0.008868144575834309
JPEG,q=60,kodim17.png,0.8768717447916666,43100,0.5468369998880007,0.6123890000253596,1.1592259999133603,0.039121,0.009395251694591683
JPEG,q=60,kodim18.png,1.2696533203125,62406,0.6049690000509145,0.6817329999648791,1.2867020000157936,0.04431,0.011315415855585008
JPEG,q=60,kodim19.png,0.9892374674479166,48623,0.563376999934917,0.6437910000158809,1.2071679999507978,0.077206,0.046250886733421676
JPEG,q=60,kodim20.png,0.70367431640625,34587,0.4970239999693149,0.4841530000021521,0.981176999971467,0.042387,0.017226918578096665
JPEG,q=60,kodim21.png,0.99615478515625,48963,0.5439860000251429,0.5973190000077011,1.141305000032844,0.037153,0.007886795503882788
JPEG,q=60,kodim22.png,1.0277303059895833,50515,0.5683880000333374,0.614079000001766,1.1824670000351034,0.036985,0.006663288422514849
JPEG,q=60,kodim23.png,0.6435343424479166,31631,0.5182749999903535,0.5181249999850479,1.0363999999754014,0.039228,0.012651848718630773
JPEG,q=60,kodim24.png,1.2495524088541667,61418,0.5899480000834956,0.6665119999524904,1.256460000035986,0.075481,0.043261904051777225
JPEG,q=90,kodim01.png,3.15313720703125,154983,0.7853380000142351,1.113632999931724,1.8989709999459592,0.08546,0.03676515189628075
JPEG,q=90,kodim02.png,2.0257161458333335,99568,0.7012940000095114,0.8649719999311856,1.566265999940697,0.087474,0.04731062469869069
JPEG,q=90,kodim03.png,1.6117757161458333,79222,0.6467010000505979,0.7607469999584282,1.4074480000090261,0.040144,0.004053155760528546
JPEG,q=90,kodim04.png,2.0712076822916665,101804,0.6856930000367356,0.8543410000356744,1.54003400007241,0.037092,-0.0023987145555267944
JPEG,q=90,kodim05.png,3.3273518880208335,163546,0.7999989999234458,1.0861619999786853,1.8861609999021312,0.036726,-0.011640364411045372
JPEG,q=90,kodim06.png,2.5256551106770835,124141,0.7274350000443519,0.9420850000196879,1.6695200000640398,0.079067,0.03625590767075784
JPEG,q=90,kodim07.png,1.8694254557291667,91886,0.6545520000145189,0.7773870000846728,1.4319390000991916,0.038954,0.002235139045511453
JPEG,q=90,kodim08.png,3.3676554361979165,165527,0.8082889999059262,1.1097930000687484,1.9180819999746745,0.090434,0.041249093204739413
JPEG,q=90,kodim09.png,1.7537638346354167,86201,0.6573919999937061,0.8368600000494553,1.4942520000431614,0.080959,0.04264226205463322
JPEG,q=90,kodim10.png,1.89715576171875,93249,0.6580919999805701,0.8134490000202277,1.4715410000007978,0.07722,0.03948563466452454
JPEG,q=90,kodim11.png,2.3876749674479165,117359,0.7107440000027054,0.9151650000376321,1.6259090000403376,0.081814,0.04012121385967063
JPEG,q=90,kodim12.png,1.782470703125,87612,0.6494220000377027,0.7887279999749808,1.4381500000126834,0.082668,0.045789871896424764
JPEG,q=90,kodim13.png,3.8253580729166665,188024,0.8605610000813613,1.206767999974545,2.0673290000559064,0.077251,0.024238988947171407
JPEG,q=90,kodim14.png,2.90643310546875,142857,0.7619769999109849,1.0147280000865067,1.7767049999974915,0.038923,-0.006636611022210678
JPEG,q=90,kodim15.png,1.8995564778645833,93367,0.6600519999437893,0.7998879999604469,1.4599399999042362,0.080517,0.04308011626775565
JPEG,q=90,kodim16.png,2.0115559895833335,98872,0.6689819999792235,0.8338200000252982,1.5028020000045217,0.084835,0.046299016500374046
JPEG,q=90,kodim17.png,2.0185953776041665,99218,0.6923529999767197,0.8439209999551167,1.5362739999318364,0.046796,0.0074017022068779
JPEG,q=90,kodim18.png,2.8708699544270835,141109,0.7628970000723712,1.0129989999541067,1.7758960000264779,0.080257,0.03471813396584103
JPEG,q=90,kodim19.png,2.3099772135416665,113540,0.7029339999462536,0.9367950000296332,1.6397289999758868,0.037321,-0.004726169012776671
JPEG,q=90,kodim20.png,1.5994059244791667,78614,0.6148900000653157,0.716863999969064,1.3317540000343797,0.039594,0.005444158456848404
JPEG,q=90,kodim21.png,2.3531901041666665,115664,0.7027440000229035,0.8979130000170699,1.6006570000399734,0.037748,-0.003297255291060029
JPEG,q=90,kodim22.png,2.42193603515625,119043,0.7171839999955409,0.915964000000713,1.633147999996254,0.038893,-0.0029854140426439427
JPEG,q=90,kodim23.png,1.5732625325520833,77329,0.6223200000476936,0.7360749999634209,1.3583950000111145,0.078899,0.04406600982148999
JPEG,q=90,kodim24.png,2.7486165364583335,135100,0.747015999991163,0.9807569999793486,1.7277729999705116,0.036756,-0.00754885973385884
JXL,d=1.0,kodim01.png,2.4768269856770835,121741,25.916868000081195,15.030163999995239,40.94703200007643,1.623939,0.5739442904448799
JXL,d=1.0,kodim02.png,1.4994303385416667,73700,24.948461000008137,4.975960000024315,29.924421000032453,1.286173,0.5188284037793128
JXL,d=1.0,kodim03.png,1.0652262369791667,52358,23.069410999937645,4.224503000045843,27.293913999983488,1.119007,0.41911585030735343
JXL,d=1.0,kodim04.png,1.4770914713541667,72602,24.22019599998748,4.88080600007379,29.10100200006127,1.179001,0.4327711354579188
JXL,d=1.0,kodim05.png,2.5484822591145835,125263,25.142460999973082,5.672172999993563,30.814633999966645,1.257854,0.46768188992418536
JXL,d=1.0,kodim06.png,1.8347371419270833,90181,24.2796489999364,4.990669999983766,29.270318999920164,1.166703,0.41613138111320225
JXL,d=1.0,kodim07.png,1.2691446940104167,62381,23.38728600000195,4.455474999986109,27.84276099998806,1.148912,0.4349469011537511
JXL,d=1.0,kodim08.png,2.5698445638020835,126313,25.16471100000217,5.816109999955188,30.98082099995736,1.255077,0.46064339739923843
JXL,d=1.0,kodim09.png,1.09881591796875,54009,23.742442999946434,4.475124999999025,28.21756799994546,1.243466,0.5198898170815586
JXL,d=1.0,kodim10.png,1.24932861328125,61407,23.737963000030504,4.574059999981728,28.312023000012232,1.148928,0.4229297306563212
JXL,d=1.0,kodim11.png,1.80352783203125,88647,24.319111000068006,5.143546999988757,29.462658000056763,1.235974,0.48047027925575436
JXL,d=1.0,kodim12.png,1.2091878255208333,59434,23.396026999989772,4.570049999983894,27.966076999973666,1.157091,0.43996373917854037
JXL,d=1.0,kodim13.png,2.9670613606770835,145837,25.368312000068727,5.997457999910694,31.36576999997942,1.311684,0.5073792445041777
JXL,d=1.0,kodim14.png,2.2528483072916665,110732,24.67508799998086,5.504305000044951,30.17939300002581,1.233899,0.46001621925162317
JXL,d=1.0,kodim15.png,1.3230387369791667,65030,23.846058000003723,4.636882999989211,28.482940999992934,1.139239,0.4088579222577261
JXL,d=1.0,kodim16.png,1.4117838541666667,69392,23.305921999963175,4.661295000005339,27.967216999968514,1.131152,0.41399550643797234
JXL,d=1.0,kodim17.png,1.3934326171875,68490,24.006925999970008,4.696416000001591,28.7033419999716,1.218611,0.48257823341351835
JXL,d=1.0,kodim18.png,2.1258748372395835,104491,24.767952000047444,5.402580999998463,30.170533000045907,1.215788,0.4421324140604078
JXL,d=1.0,kodim19.png,1.616943359375,79476,24.31241100009629,4.90264599989132,29.21505699998761,1.257321,0.5081664510382826
JXL,d=1.0,kodim20.png,1.1458333333333333,56320,22.388917999933255,4.272445999959018,26.661363999892274,1.070364,0.3866931749849425
JXL,d=1.0,kodim21.png,1.6572062174479167,81455,23.84532799999306,4.90526700002647,28.75059500001953,1.174531,0.43728653631027414
JXL,d=1.0,kodim22.png,1.798095703125,88380,24.034317999962695,5.080644000031498,29.114961999994193,1.18631,0.4397221625998389
JXL,d=1.0,kodim23.png,0.9192301432291666,45182,22.863450999921042,4.148260000079063,27.011711000000105,1.173264,0.48060931269619234
JXL,d=1.0,kodim24.png,2.1453857421875,105450,24.409476000073482,5.421320999971613,29.830797000045095,1.203017,0.43807318107310866
JXL,d=3.0,kodim01.png,1.0670166015625,52446,22.796459000005598,5.007580999972561,27.80403999997816,1.209502,0.49652981427036014
JXL,d=3.0,kodim02.png,0.53643798828125,26367,21.60141100000601,4.176271999995151,25.77768300000116,1.07636,0.4153491903633052
JXL,d=3.0,kodim03.png,0.4784952799479167,23519,21.1886910000203,4.037324999899283,25.226015999919582,1.063467,0.4166024520879821
JXL,d=3.0,kodim04.png,0.5730794270833334,28168,21.85990300006324,4.143489999933081,26.003392999996322,1.084752,0.41795336413237927
JXL,d=3.0,kodim05.png,1.2435099283854167,61121,22.97714700000597,5.069795000054,28.04694200005997,1.279673,0.5604721377932522
JXL,d=3.0,kodim06.png,0.8210245768229166,40355,22.171429000081844,4.512616999932106,26.68404600001395,1.134402,0.4501495460129121
JXL,d=3.0,kodim07.png,0.62213134765625,30579,21.562439000035738,4.2139329999599795,25.776371999995717,1.088689,0.4277118080152498
JXL,d=3.0,kodim08.png,1.2108968098958333,59518,22.921225000004597,5.067014000019299,27.988239000023896,1.149293,0.43159744444094217
JXL,d=3.0,kodim09.png,0.48187255859375,23685,21.596019999947202,3.934930000013992,25.530949999961194,1.132937,0.4782531042337451
JXL,d=3.0,kodim10.png,0.5516560872395834,27115,21.84915300006196,4.12416899996515,25.97332200002711,1.140078,0.4740504674171947
JXL,d=3.0,kodim11.png,0.7773640950520834,38209,22.14455800003634,4.485025999997561,26.6295840000339,1.164582,0.4817261017352107
JXL,d=3.0,kodim12.png,0.4896036783854167,24065,21.401261999926646,4.049905000101717,25.451167000028363,1.068472,0.4158339601541877
JXL,d=3.0,kodim13.png,1.3397013346354167,65849,23.156405000008817,5.253643999935775,28.410048999944593,1.166581,0.4380690739564258
JXL,d=3.0,kodim14.png,0.9735310872395834,47851,22.54707600002348,4.744669000046997,27.291745000070478,1.1272,0.4273644694407177
JXL,d=3.0,kodim15.png,0.5373942057291666,26414,21.529137000015908,4.039615000010599,25.568752000026507,1.067633,0.41197975680756027
JXL,d=3.0,kodim16.png,0.59259033203125,29127,21.46615499998461,4.181951000077788,25.6481060000624,1.009439,0.3517509016263699
JXL,d=3.0,kodim17.png,0.6123250325520834,30097,21.78682999999637,4.239053999981479,26.02588399997785,1.14786,0.4804846329301481
JXL,d=3.0,kodim18.png,0.9250284830729166,45467,22.62422000001152,4.597441999976581,27.2216619999881,1.182373,0.484334590641495
JXL,d=3.0,kodim19.png,0.6745198567708334,33154,22.013520999962566,4.314627999974618,26.328148999937184,1.103901,0.42877472559111574
JXL,d=3.0,kodim20.png,0.4933268229166667,24248,21.117637999964245,3.995813000074122,25.113451000038367,1.007699,0.3637209288015111
JXL,d=3.0,kodim21.png,0.724853515625,35628,21.524447000047076,4.267895999987559,25.792343000034634,1.111072,0.44968526757414695
JXL,d=3.0,kodim22.png,0.7408040364583334,36412,21.895055000072716,4.392471999949521,26.287527000022237,1.070471,0.3963863855825447
JXL,d=3.0,kodim23.png,0.40777587890625,20043,20.953260000055707,3.7999929999159576,24.753252999971664,1.0243,0.3895583978687116
JXL,d=3.0,kodim24.png,0.9773763020833334,48040,22.246053000003485,4.741047999914372,26.987100999917857,1.090413,0.39838938089885145
JXL,d=7.0,kodim01.png,0.4861653645833333,23896,21.520667999993748,12.35903499991764,33.87970299991139,1.485855,0.6170860765005072
JXL,d=7.0,kodim02.png,0.24635823567708334,12109,20.62912399992456,11.865192000072966,32.494315999997525,1.321098,0.4878542159194835
JXL,d=7.0,kodim03.png,0.247802734375,12180,20.56534100006502,11.948085999961222,32.51342700002624,1.340919,0.5071851572279421
JXL,d=7.0,kodim04.png,0.2822672526041667,13874,21.000141999934385,12.026900000023488,33.02704199995787,1.356909,0.5100046536203702
JXL,d=7.0,kodim05.png,0.6341349283854166,31169,21.829641999943306,12.613178000037806,34.44281999998111,1.382558,0.49934920523138426
JXL,d=7.0,kodim06.png,0.3939208984375,19362,21.25344600005974,12.094092999973327,33.347539000033066,1.347007,0.49188422756920713
JXL,d=7.0,kodim07.png,0.3407999674479167,16751,20.886117999907583,12.116734000073848,33.00285199998143,1.356238,0.5099539518632162
JXL,d=7.0,kodim08.png,0.6135660807291666,30158,21.865974999968785,12.488483000083761,34.354458000052546,1.420627,0.5396840503468626
JXL,d=7.0,kodim09.png,0.261962890625,12876,20.98103200000878,11.900964000005843,32.881996000014624,1.442018,0.598833032660645
JXL,d=7.0,kodim10.png,0.2907307942708333,14290,21.20557299997472,12.000649000015073,33.20622199998979,1.44858,0.5970809847786517
JXL,d=7.0,kodim11.png,0.363037109375,17844,21.098218000020097,12.046151000049576,33.14436900006967,1.494186,0.6442730661016184
JXL,d=7.0,kodim12.png,0.255859375,12576,20.75667200006137,11.831270000016048,32.58794200007742,1.489089,0.6534443873378049
JXL,d=7.0,kodim13.png,0.61065673828125,30015,21.898206000059872,12.578256999972837,34.47646300003271,1.493911,0.6098395060235962
JXL,d=7.0,kodim14.png,0.4609781901041667,22658,21.455804999959582,12.276013000018793,33.731817999978375,1.403721,0.5387442553219645
JXL,d=7.0,kodim15.png,0.2808634440104167,13805,20.79394300005788,11.992198999905668,32.78614199996355,1.315591,0.4748639932997246
JXL,d=7.0,kodim16.png,0.2809855143229167,13811,20.765132000065023,11.968958000011298,32.73409000007632,1.365515,0.5261227499800929
JXL,d=7.0,kodim17.png,0.31707763671875,15585,21.13783999993757,12.06100200010951,33.19884200004708,1.454545,0.6032352283090827
JXL,d=7.0,kodim18.png,0.4570719401041667,22466,21.678046000033646,12.302852999937386,33.98089899997103,1.4025,0.5311361322639978
JXL,d=7.0,kodim19.png,0.3370768229166667,16568,21.36486100005186,12.148015999969175,33.512877000021035,1.377752,0.5183895057433257
JXL,d=7.0,kodim20.png,0.2545166015625,12510,20.63250500009417,11.94195599998693,32.5744610000811,1.372182,0.5368830773178653
JXL,d=7.0,kodim21.png,0.3642578125,17904,21.02421500001128,12.116394000031505,33.14060900004279,1.36405,0.5142334828611078
JXL,d=7.0,kodim22.png,0.35791015625,17592,20.972102000087034,12.074912999992193,33.04701500007923,1.350532,0.5031154908716434
JXL,d=7.0,kodim23.png,0.23500569661458334,11551,20.499559000086265,11.891293999951813,32.39085300003808,1.354468,0.5238772922790086
JXL,d=7.0,kodim24.png,0.4744873046875,23322,21.556139999916013,12.339136000036888,33.8952759999529,1.43149,0.5623217418758276
JXL,d=12.0,kodim01.png,0.2922566731770833,14365,20.622734999960812,12.038180999979886,32.6609159999407,1.443056,0.6055401329379405
JXL,d=12.0,kodim02.png,0.1611328125,7920,20.22392599997147,11.698444999979074,31.922370999950545,1.36553,0.5469524614291631
JXL,d=12.0,kodim03.png,0.16373697916666666,8048,20.25720699998601,11.813050000000658,32.07025699998667,1.411533,0.5891632569623068
JXL,d=12.0,kodim04.png,0.18192545572916666,8942,20.753751000029297,11.950767000030282,32.70451800005958,1.410938,0.5723040575313822
JXL,d=12.0,kodim05.png,0.3951416015625,19422,21.252645999993547,12.256380999929206,33.50902699992275,1.474381,0.6151172303525957
JXL,d=12.0,kodim06.png,0.23543294270833334,11572,20.55901200003518,11.934485999972821,32.493498000008,1.342857,0.5096341916928047
JXL,d=12.0,kodim07.png,0.22908528645833334,11260,20.569872000010037,11.904384999979811,32.47425699998985,1.396702,0.5639725839422254
JXL,d=12.0,kodim08.png,0.3899129231770833,19165,21.335089999979573,12.262452999948437,33.59754299992801,1.401569,0.540035436250881
JXL,d=12.0,kodim09.png,0.17464192708333334,8584,20.78799399998843,11.935726000046998,32.72372000003543,1.454758,0.6156316653504915
JXL,d=12.0,kodim10.png,0.19285074869791666,9479,20.73110200001338,11.864703000014742,32.59580500002812,1.488723,0.6528767583565038
JXL,d=12.0,kodim11.png,0.22749837239583334,11182,20.72036999993543,12.038702000040757,32.759071999976186,1.452837,0.6128041426772506
JXL,d=12.0,kodim12.png,0.15177408854166666,7460,20.39302499997575,11.857003000045552,32.2500280000213,1.420947,0.5939674332523137
JXL,d=12.0,kodim13.png,0.3850301106770833,18925,21.0565670000733,12.131095999961872,33.18766300003517,1.424106,0.5730828886675331
JXL,d=12.0,kodim14.png,0.2997639973958333,14734,20.682358999920325,11.964018000071519,32.646376999991844,1.408939,0.571795952951574
JXL,d=12.0,kodim15.png,0.18558756510416666,9122,20.28152900004443,11.704785999995693,31.986315000040122,1.325889,0.5056717611011462
JXL,d=12.0,kodim16.png,0.18516031901041666,9101,20.11748199993235,11.897884000063641,32.01536599999599,1.343604,0.5226418134267727
JXL,d=12.0,kodim17.png,0.2081298828125,10230,21.276286999977856,11.92665600001419,33.20294299999205,1.464463,0.6130480673722389
JXL,d=12.0,kodim18.png,0.3064982096354167,15065,21.235685999954512,12.063711999985571,33.29939799994008,1.371694,0.5178056954400464
JXL,d=12.0,kodim19.png,0.23221842447916666,11414,20.89890000002015,12.088723000033497,32.987623000053645,1.331627,0.48573346537725925
JXL,d=12.0,kodim20.png,0.16774495442708334,8245,20.22414599991862,11.968578000050911,32.19272399996953,1.345023,0.5195128656861614
JXL,d=12.0,kodim21.png,0.23319498697916666,11462,20.529151000005186,11.96367799991549,32.492828999920675,1.364905,0.5316993466981391
JXL,d=12.0,kodim22.png,0.22481282552083334,11050,20.561793000069883,11.896464999949785,32.45825800001967,1.346,0.5136808423787057
JXL,d=12.0,kodim23.png,0.16691080729166666,8204,20.261408000010306,11.861423000027571,32.12283100003788,1.304346,0.48062811475962375
JXL,d=12.0,kodim24.png,0.2885538736979167,14183,20.82974600000398,12.119765000079497,32.949511000083476,1.346061,0.5011447620550543
HEVC,crf=25,kodim01.png,1.0523478190104167,51725,137.52380100004302,75.50408700001299,213.027888000056,9.101947,3.6393250598471223
HEVC,crf=25,kodim02.png,0.47381591796875,23289,63.53299199997764,79.11790499997551,142.65089699995315,6.57008,2.912117997699966
HEVC,crf=25,kodim03.png,0.3705240885416667,18212,62.919010999962666,67.63123999996878,130.55025099993145,6.036919,2.6892508984202528
HEVC,crf=25,kodim04.png,0.4925944010416667,24212,74.01258799995958,75.51006100004543,149.522649000005,6.811873,2.977700344741877
HEVC,crf=25,kodim05.png,0.9930826822916666,48812,79.33225500005392,70.3877129999455,149.71996799999943,7.012379,3.173146541968175
HEVC,crf=25,kodim06.png,0.7869669596354166,38681,67.82190900003116,69.95087500001773,137.7727840000489,6.475571,2.9426972542188268
HEVC,crf=25,kodim07.png,0.442626953125,21756,64.11891300001571,64.19416599999295,128.31307900000866,5.999858,2.7095571519071324
HEVC,crf=25,kodim08.png,0.9595947265625,47166,75.97868699997434,72.3204790000409,148.29916600001525,6.973196,3.1703968195572787
HEVC,crf=25,kodim09.png,0.37591552734375,18477,64.5074909999721,58.28928100004305,122.79677200001515,5.668424,2.5195764608127513
HEVC,crf=25,kodim10.png,0.4110107421875,20202,66.11893900003452,72.30165900000429,138.4205980000388,6.342568,2.7930825185315147
HEVC,crf=25,kodim11.png,0.6762898763020834,33241,69.48471499993047,69.8454829999946,139.33019799992508,6.73514,3.1623298685864314
HEVC,crf=25,kodim12.png,0.3996378580729167,19643,63.150328000006084,71.33255500002633,134.48288300003242,6.22737,2.778858379536503
HEVC,crf=25,kodim13.png,1.4689127604166667,72200,82.3110670000915,69.99628999994911,152.3073570000406,7.345644,3.4400637597504233
HEVC,crf=25,kodim14.png,0.8730265299479166,42911,74.6545760000572,72.81523699998615,147.46981300004336,6.966818,3.185285715344073
HEVC,crf=25,kodim15.png,0.4416097005208333,21706,64.9450359999264,61.56705500006865,126.51209099999505,6.334694,3.0905754459494217
HEVC,crf=25,kodim16.png,0.55218505859375,27141,64.79854099995919,75.8985700000494,140.6971110000086,7.03702,3.4291584534189745
HEVC,crf=25,kodim17.png,0.4927775065104167,24221,71.08342600008655,77.08945699994274,148.1728830000293,7.526771,3.727210063586584
HEVC,crf=25,kodim18.png,0.89862060546875,44169,83.18033299997296,65.85698200001389,149.03731499998685,7.358766,3.5370386455975122
HEVC,crf=25,kodim19.png,0.5937906901041666,29186,70.55179999997563,84.06046599998263,154.61226599995825,7.310275,3.34559054296824
HEVC,crf=25,kodim20.png,0.413818359375,20340,62.65122000002066,44.99538400000347,107.64660400002413,5.733102,2.9727465070453607
HEVC,crf=25,kodim21.png,0.6905517578125,33942,69.91143300001568,64.48732899991683,134.3987619999325,6.344764,2.8984094737324204
HEVC,crf=25,kodim22.png,0.6849365234375,33666,70.82917799993993,74.1041960000075,144.93337399994743,6.681493,2.9650019991959775
HEVC,crf=25,kodim23.png,0.3205769856770833,15757,59.362179999993714,85.75454200001786,145.11672200001158,6.565838,2.844645451350593
HEVC,crf=25,kodim24.png,0.88720703125,43608,74.68847600000572,68.15732999996271,142.84580599996843,6.729038,3.0660779939652794
HEVC,crf=35,kodim01.png,0.27813720703125,13671,60.11875100000452,65.56396500002393,125.68271600002845,5.852069,2.6292179058766907
HEVC,crf=35,kodim02.png,0.11946614583333333,5872,53.59756300003937,62.130217999992965,115.72778100003234,5.579622,2.612042865122515
HEVC,crf=35,kodim03.png,0.12884521484375,6333,54.9718600000233,52.34298300001683,107.31484300004013,5.123987,2.3721387730865056
HEVC,crf=35,kodim04.png,0.14082845052083334,6922,56.81289000006018,73.8341069999251,130.64699699998528,5.857073,2.506924064443642
HEVC,crf=35,kodim05.png,0.3200276692708333,15730,60.23450899999716,70.50730800006022,130.74181700005738,6.081656,2.729075618412693
HEVC,crf=35,kodim06.png,0.22092692057291666,10859,56.735778999950526,63.37789100007285,120.11367000002338,5.656538,2.5764925880385507
HEVC,crf=35,kodim07.png,0.17449951171875,8577,54.06772900005308,58.949285999915446,113.01701499996852,5.43197,2.533902373524482
HEVC,crf=35,kodim08.png,0.32354736328125,15903,60.45603999996274,68.73594200010302,129.19198200006576,6.214675,2.901836657607903
HEVC,crf=35,kodim09.png,0.14412434895833334,7084,54.553312000052756,51.517805000003136,106.07111700005589,5.109859,2.389903334191232
HEVC,crf=35,kodim10.png,0.15311686197916666,7526,57.13583099998232,62.46702999999343,119.60286099997575,5.716425,2.649478138078567
HEVC,crf=35,kodim11.png,0.19390869140625,9531,57.387723000033475,64.36426200002643,121.7519850000599,5.925307,2.803250677879789
HEVC,crf=35,kodim12.png,0.12308756510416667,6050,52.241312999967704,55.85431800000151,108.09563099996922,5.178367,2.406497217697384
HEVC,crf=35,kodim13.png,0.3833821614583333,18844,61.8890209999563,74.42214200000308,136.31116299995938,6.558041,3.062647243426977
HEVC,crf=35,kodim14.png,0.24247233072916666,11918,59.718986000007135,72.68652799996289,132.40551399997003,6.167512,2.7722698438496987
HEVC,crf=35,kodim15.png,0.13458251953125,6615,55.611068999951385,60.52004800005761,116.131117000009,5.352979,2.3750572188924344
HEVC,crf=35,kodim16.png,0.15706380208333334,7720,53.67495500001951,67.58171199999197,121.25666700001148,5.655027,2.5456719960021204
HEVC,crf=35,kodim17.png,0.1697998046875,8346,58.58024299993758,70.00871000002462,128.5889529999622,5.901947,2.604571982515454
HEVC,crf=35,kodim18.png,0.2552693684895833,12547,64.15612499995405,66.70107900004041,130.85720399999445,6.012537,2.656997777843122
HEVC,crf=35,kodim19.png,0.17169189453125,8439,60.443873999929565,73.87729000004128,134.32116399997085,6.098775,2.654410300233927
HEVC,crf=35,kodim20.png,0.13686116536458334,6727,51.698140999974385,44.089088999953674,95.78722999992806,4.479245,2.022996528983194
HEVC,crf=35,kodim21.png,0.21240234375,10440,56.973857999992106,55.16000900001927,112.13386700001138,5.200155,2.3247337213161225
HEVC,crf=35,kodim22.png,0.18017578125,8856,60.28967999998258,73.72491500007072,134.0145950000533,6.209044,2.7725405739894073
HEVC,crf=35,kodim23.png,0.13053385416666666,6416,52.95966300002419,78.93146800006434,131.89113100008854,5.951459,2.5694070410918246
HEVC,crf=35,kodim24.png,0.2702229817708333,13282,62.47805700002118,67.07628200001636,129.55433900003754,5.966259,2.644128825835092
HEVC,crf=45,kodim01.png,0.07991536458333333,3928,51.84695000002648,55.90908800002126,107.75603800004774,5.072553,2.309391317794086
HEVC,crf=45,kodim02.png,0.06292724609375,3093,46.52119100001073,32.007792000058544,78.52898300006927,3.973198,1.9594985285300583
HEVC,crf=45,kodim03.png,0.06693522135416667,3290,50.11558600006083,38.12234999998054,88.23793600004137,4.127975,1.865311225445259
HEVC,crf=45,kodim04.png,0.07073974609375,3477,54.38024299996869,50.73715599996831,105.117398999937,4.777631,2.082131291207371
HEVC,crf=45,kodim05.png,0.10076904296875,4953,53.85019799996371,64.35281100004886,118.20300900001257,5.324477,2.2934261999498826
HEVC,crf=45,kodim06.png,0.07094319661458333,3487,49.167521000072156,40.75638099993739,89.92390200000955,4.294776,1.9888794123697449
HEVC,crf=45,kodim07.png,0.0791015625,3888,50.27641600008792,52.942025999982434,103.21844200007035,4.866859,2.2200537803104856
HEVC,crf=45,kodim08.png,0.11049397786458333,5431,53.575506000015594,60.79740999996375,114.37291599997934,5.301194,2.3683573363769495
HEVC,crf=45,kodim09.png,0.07191975911458333,3535,51.965938000080314,36.27202199993462,88.23796000001494,4.165388,1.9027236100198168
HEVC,crf=45,kodim10.png,0.07065836588541667,3473,55.73901200000364,45.60278799999651,101.34180000000015,4.652134,2.0534510513409963
HEVC,crf=45,kodim11.png,0.07222493489583333,3550,49.77702299993325,38.07654199999888,87.85356499993213,4.213146,1.9603385568301652
HEVC,crf=45,kodim12.png,0.06606038411458333,3247,49.371492999966904,32.45544699996117,81.82693999992807,4.06496,1.9666918251821444
HEVC,crf=45,kodim13.png,0.08707682291666667,4280,50.95566099998905,65.98941599997943,116.94507699996848,5.380245,2.3814510420336736
HEVC,crf=45,kodim14.png,0.0838623046875,4122,52.74125799996909,58.722600999999486,111.46385899996858,5.057096,2.19885557230926
HEVC,crf=45,kodim15.png,0.07063802083333333,3472,52.1314480000683,40.24051800001871,92.37196600008701,4.549645,2.1809733069914388
HEVC,crf=45,kodim16.png,0.06422932942708333,3157,47.31778400002895,39.079040000046916,86.39682400007587,4.336644,2.1211914093879343
HEVC,crf=45,kodim17.png,0.07328287760416667,3602,53.92538900002819,52.53250999999182,106.45789900002,4.925649,2.1957751781277417
HEVC,crf=45,kodim18.png,0.07722981770833333,3796,57.33252499999253,54.70851699999457,112.0410419999871,5.178214,2.30517301004962
HEVC,crf=45,kodim19.png,0.07639567057291667,3755,54.654184999890276,43.91803800001526,98.57222299990553,4.65337,2.125706635808057
HEVC,crf=45,kodim20.png,0.07008870442708333,3445,47.75458599999638,33.38726399999814,81.14184999999452,3.894254,1.8135534202033905
HEVC,crf=45,kodim21.png,0.07722981770833333,3796,48.996497999951316,47.98911800003225,96.98561599998357,4.553475,2.066496610388341
HEVC,crf=45,kodim22.png,0.07069905598958333,3475,51.393825999980436,48.938786000007894,100.33261199998833,4.605185,2.0323804119742386
HEVC,crf=45,kodim23.png,0.07318115234375,3597,49.041891999991094,54.87222700003258,103.91411900002367,4.99852,2.3338757054415478
HEVC,crf=45,kodim24.png,0.08083089192708333,3973,52.897341000061715,60.657901000013226,113.55524200007494,5.588029,2.676159750426368
